--
-- PostgreSQL database dump
--

-- Dumped from database version 16.13 (Debian 16.13-1.pgdg13+1)
-- Dumped by pg_dump version 17.5

SET statement_timeout = 0;
SET lock_timeout = 0;
SET idle_in_transaction_session_timeout = 0;
SET transaction_timeout = 0;
SET client_encoding = 'UTF8';
SET standard_conforming_strings = on;
SELECT pg_catalog.set_config('search_path', '', false);
SET check_function_bodies = false;
SET xmloption = content;
SET client_min_messages = warning;
SET row_security = off;

--
-- Data for Name: categorias; Type: TABLE DATA; Schema: public; Owner: forrozin
--

INSERT INTO public.categorias (id, name, label, color, inserted_at, updated_at) VALUES ('5d4ea666-5c49-4c18-ba38-f342b73fa06b', 'sacadas', 'Sacadas', '#c0392b', '2026-03-26 14:04:44', '2026-03-26 14:04:44');
INSERT INTO public.categorias (id, name, label, color, inserted_at, updated_at) VALUES ('a4c5f003-8785-43bf-988f-a4268c7f80a7', 'travas', 'Travas', '#2980b9', '2026-03-26 14:04:44', '2026-03-26 14:04:44');
INSERT INTO public.categorias (id, name, label, color, inserted_at, updated_at) VALUES ('ea1e26df-e3ef-41d1-a144-cca79a3ca5ec', 'caminhadas', 'Caminhadas', '#27ae60', '2026-03-26 14:04:44', '2026-03-26 14:04:44');
INSERT INTO public.categorias (id, name, label, color, inserted_at, updated_at) VALUES ('e05ec26e-b193-4ad6-a583-a68ff2cc96f4', 'giros', 'Giros', '#8e44ad', '2026-03-26 14:04:44', '2026-03-26 14:04:44');
INSERT INTO public.categorias (id, name, label, color, inserted_at, updated_at) VALUES ('34031fa1-c807-476d-ac49-6ec8039aa5d3', 'pescadas', 'Pescadas', '#d35400', '2026-03-26 14:04:44', '2026-03-26 14:04:44');
INSERT INTO public.categorias (id, name, label, color, inserted_at, updated_at) VALUES ('c04b0646-983b-4875-afe7-c4f9154f62b4', 'inversao', 'Inversão', '#c0392b', '2026-03-26 14:04:44', '2026-03-26 14:04:44');
INSERT INTO public.categorias (id, name, label, color, inserted_at, updated_at) VALUES ('0bf71140-428a-42c3-960e-d80aa03b181b', 'bases', 'Bases', '#16a085', '2026-03-26 14:04:44', '2026-03-26 14:04:44');
INSERT INTO public.categorias (id, name, label, color, inserted_at, updated_at) VALUES ('10961377-b4f4-4bac-a1a2-0a7e493ada26', 'outros', 'Outros', '#7f8c8d', '2026-03-26 14:04:44', '2026-03-26 14:04:44');
INSERT INTO public.categorias (id, name, label, color, inserted_at, updated_at) VALUES ('95682503-9618-4ce6-b355-3dd9895f0ebc', 'footwork', 'Forró Footwork', '#e67e22', '2026-03-26 14:04:44', '2026-03-26 14:04:44');
INSERT INTO public.categorias (id, name, label, color, inserted_at, updated_at) VALUES ('7a79b48d-fdfc-4b11-8426-6fbec863d99f', 'conceitos', 'Conceitos', '#f39c12', '2026-03-26 14:04:44', '2026-03-26 14:04:44');
INSERT INTO public.categorias (id, name, label, color, inserted_at, updated_at) VALUES ('faead397-31ff-424b-bde0-1ffaf538a8e5', 'convencoes', 'Convenções', '#95a5a6', '2026-03-26 14:04:44', '2026-03-26 14:04:44');


--
-- Data for Name: conceitos_tecnicos; Type: TABLE DATA; Schema: public; Owner: forrozin
--

INSERT INTO public.conceitos_tecnicos (id, title, description, inserted_at, updated_at) VALUES ('e788fb93-31ae-4ead-b9d3-449df609b837', 'Intenção de sacada', 'Avanço da perna esquerda do condutor entre as pernas da conduzida sem completar a sacada. Gerada em: IV, PMB, BF. Saídas: SC, GP, TRD, TR, CA.', '2026-03-26 14:04:44', '2026-03-26 14:04:44');
INSERT INTO public.conceitos_tecnicos (id, title, description, inserted_at, updated_at) VALUES ('143f987f-b67d-4f9d-b02e-72959ced8cb2', 'Elástico', 'Tensão bilateral quando ambos jogam o CDM na mesma direção simultaneamente. Usado em TR-ARM e TR-ARM-PE.', '2026-03-26 14:04:44', '2026-03-26 14:04:44');
INSERT INTO public.conceitos_tecnicos (id, title, description, inserted_at, updated_at) VALUES ('a1da4161-a7fc-43ed-bbcd-62322a27fa28', 'Transferência de peso (CDM)', 'Todo movimento começa com transferência de peso. Sem CDM, não há condução — apenas deslocamento mecânico de braços.', '2026-03-26 14:04:44', '2026-03-26 14:04:44');
INSERT INTO public.conceitos_tecnicos (id, title, description, inserted_at, updated_at) VALUES ('76a33a6a-4667-4ae9-bbc2-c60b937fad44', 'Quarto tempo do forró', 'Compasso 2/4. Ciclo base: 3 pisadas + 1 pausa/suspensão. O 4º tempo é o momento de ''decisão'' do corpo. Usado em DA-R.', '2026-03-26 14:04:44', '2026-03-26 14:04:44');
INSERT INTO public.conceitos_tecnicos (id, title, description, inserted_at, updated_at) VALUES ('b10c0457-3af7-44cc-a544-e1c5c20db3f8', 'Frame (quadro)', 'Estrutura de braços, ombros e tronco entre os parceiros. Transmite a intenção do CDM. Rígido demais trava; mole demais perde a informação.', '2026-03-26 14:04:44', '2026-03-26 14:04:44');
INSERT INTO public.conceitos_tecnicos (id, title, description, inserted_at, updated_at) VALUES ('c9bd2994-74e7-4bdd-a53a-8676c0de2198', 'Dissociação', 'Mover tronco e quadril em direções diferentes. Essencial em PU-E-T, giros de 5 pisadas (GM, GPA), IV.', '2026-03-26 14:04:44', '2026-03-26 14:04:44');
INSERT INTO public.conceitos_tecnicos (id, title, description, inserted_at, updated_at) VALUES ('2b6116ef-7941-451b-b430-8064e580be5f', 'Condução por abdômen vs. mãos', 'Dois canais distintos. Abdômen/tronco: mais roots — CDM pela proximidade dos corpos (SCSP). Mãos/braços: mais aberta — DA-R, giros, footwork.', '2026-03-26 14:04:44', '2026-03-26 14:04:44');


--
-- Data for Name: secoes; Type: TABLE DATA; Schema: public; Owner: forrozin
--

INSERT INTO public.secoes (id, num, title, code, description, note, "position", category_id, inserted_at, updated_at) VALUES ('992e10e4-529d-4ca0-868d-f98ee92ebd33', NULL, 'Convenções da Notação', NULL, NULL, NULL, 1, 'faead397-31ff-424b-bde0-1ffaf538a8e5', '2026-03-26 14:04:44', '2026-03-26 14:04:44');
INSERT INTO public.secoes (id, num, title, code, description, note, "position", category_id, inserted_at, updated_at) VALUES ('42005123-929a-4e0d-aedf-a68e43deef5d', 1, 'Bases', 'B', 'Movimentos essenciais, usados como ponto de partida para combinações.', NULL, 2, '0bf71140-428a-42c3-960e-d80aa03b181b', '2026-03-26 14:04:44', '2026-03-26 14:04:44');
INSERT INTO public.secoes (id, num, title, code, description, note, "position", category_id, inserted_at, updated_at) VALUES ('88878dcd-93ae-4441-9573-e8d38483b0be', 2, 'Sacadas', 'SC', 'Movimento de interceptação de espaço ou de perna.', NULL, 3, '5d4ea666-5c49-4c18-ba38-f342b73fa06b', '2026-03-26 14:04:44', '2026-03-26 14:04:44');
INSERT INTO public.secoes (id, num, title, code, description, note, "position", category_id, inserted_at, updated_at) VALUES ('ee826713-b055-4e37-a383-6eb9fb633010', 3, 'Sacada sem peso', 'SCSP', NULL, 'A condução parte do abdômen e ombro, não do pé. Sempre com 4 tempos de footwork antes da saída em chassê. Antigo nome: CH (Chutinho) — obsoleto.', 4, '5d4ea666-5c49-4c18-ba38-f342b73fa06b', '2026-03-26 14:04:44', '2026-03-26 14:04:44');
INSERT INTO public.secoes (id, num, title, code, description, note, "position", category_id, inserted_at, updated_at) VALUES ('8a96eda9-2463-432b-839e-4cbb90c7840f', 4, 'Travas', 'TR', 'Travamentos de perna, podem ter sacada ou não.', 'Em trava a perna do condutor vai à frente. O V da abertura entre os parceiros não pode ser muito grande.', 5, 'a4c5f003-8785-43bf-988f-a4268c7f80a7', '2026-03-26 14:04:44', '2026-03-26 14:04:44');
INSERT INTO public.secoes (id, num, title, code, description, note, "position", category_id, inserted_at, updated_at) VALUES ('7f7e0626-bab2-49eb-837d-2944e16574e8', 5, 'Pescadas', 'PE', 'PE é sempre uma finalização. A entrada é rápida, interceptando o movimento antes que ele se complete.', 'Notação: PE-[perna do condutor]-[perna da conduzida]', 6, '34031fa1-c807-476d-ac49-6ec8039aa5d3', '2026-03-26 14:04:44', '2026-03-26 14:04:44');
INSERT INTO public.secoes (id, num, title, code, description, note, "position", category_id, inserted_at, updated_at) VALUES ('d5829130-0198-4d6d-81f2-d6a37ba1d4bd', 6, 'Caminhadas', 'CA', 'Deslocamentos frontais, laterais ou diagonais.', 'A conduzida vai levemente à frente em caminhada — diferente da trava.', 7, 'ea1e26df-e3ef-41d1-a144-cca79a3ca5ec', '2026-03-26 14:04:44', '2026-03-26 14:04:44');
INSERT INTO public.secoes (id, num, title, code, description, note, "position", category_id, inserted_at, updated_at) VALUES ('b3176743-4839-4874-8bce-bd5c447b12f6', 7, 'Giro Paulista', 'GP', 'Categoria própria — independente dos giros simples.', 'Todos os paulistas podem sair aberto (-A) ou fechado (-F).', 8, 'e05ec26e-b193-4ad6-a583-a68ff2cc96f4', '2026-03-26 14:04:44', '2026-03-26 14:04:44');
INSERT INTO public.secoes (id, num, title, code, description, note, "position", category_id, inserted_at, updated_at) VALUES ('3282c992-dba8-4911-962e-6d0fb4b64871', 8, 'Inversão', 'IV', 'Condutor gira a conduzida ao seu redor pela esquerda, mantendo-se no próprio eixo.', 'Sequência: esquerda atrás → direita avança → esquerda à frente. A esquerda à frente gera intenção de sacada. Antigo nome: Facão (FA) — obsoleto.', 9, 'c04b0646-983b-4875-afe7-c4f9154f62b4', '2026-03-26 14:04:44', '2026-03-26 14:04:44');
INSERT INTO public.secoes (id, num, title, code, description, note, "position", category_id, inserted_at, updated_at) VALUES ('3d8851f2-d0ca-4d61-b433-1fd6f98599a4', 9, 'Push n pull', 'PU', NULL, NULL, 10, '10961377-b4f4-4bac-a1a2-0a7e493ada26', '2026-03-26 14:04:44', '2026-03-26 14:04:44');
INSERT INTO public.secoes (id, num, title, code, description, note, "position", category_id, inserted_at, updated_at) VALUES ('cf0aca52-6373-478f-b143-6696a4b3520b', 10, 'Dança aberta', 'DA', 'Duas versões — forró universitário e forró roots. Distintas em mecânica e uso.', NULL, 11, '10961377-b4f4-4bac-a1a2-0a7e493ada26', '2026-03-26 14:04:44', '2026-03-26 14:04:44');
INSERT INTO public.secoes (id, num, title, code, description, note, "position", category_id, inserted_at, updated_at) VALUES ('9f09fc4d-4562-4e9f-aa47-6269c0cb069a', 11, 'Pião', 'PI', 'Giro conjunto frente a frente. Pode ser inserido em qualquer momento da dança.', 'Eixo central espelhado. Ciclo: 3 passos = 1 volta. Regra do ímpar: saídas técnicas só ficam corretas em voltas ímpares.', 12, 'e05ec26e-b193-4ad6-a583-a68ff2cc96f4', '2026-03-26 14:04:44', '2026-03-26 14:04:44');
INSERT INTO public.secoes (id, num, title, code, description, note, "position", category_id, inserted_at, updated_at) VALUES ('28394cf8-8fa8-4520-bfc7-6fa69e8cb5f4', 12, 'Giros', 'G', 'Categoria secundária na dança atual.', NULL, 13, 'e05ec26e-b193-4ad6-a583-a68ff2cc96f4', '2026-03-26 14:04:44', '2026-03-26 14:04:44');
INSERT INTO public.secoes (id, num, title, code, description, note, "position", category_id, inserted_at, updated_at) VALUES ('3cd8906c-7cc1-485d-b898-daad533309cb', 13, 'Arrastes', 'AR', NULL, NULL, 14, '10961377-b4f4-4bac-a1a2-0a7e493ada26', '2026-03-26 14:04:44', '2026-03-26 14:04:44');
INSERT INTO public.secoes (id, num, title, code, description, note, "position", category_id, inserted_at, updated_at) VALUES ('d9325b2a-59de-44a8-b07c-c1f7cf712627', 14, 'Mão nas costas', 'MC', NULL, NULL, 15, '10961377-b4f4-4bac-a1a2-0a7e493ada26', '2026-03-26 14:04:44', '2026-03-26 14:04:44');
INSERT INTO public.secoes (id, num, title, code, description, note, "position", category_id, inserted_at, updated_at) VALUES ('e67a9293-51ce-4a8d-b34b-26c5e55bb5c6', 15, 'Abraço lateral', 'AB', NULL, NULL, 16, '10961377-b4f4-4bac-a1a2-0a7e493ada26', '2026-03-26 14:04:44', '2026-03-26 14:04:44');
INSERT INTO public.secoes (id, num, title, code, description, note, "position", category_id, inserted_at, updated_at) VALUES ('e15561c6-f07c-4996-9a87-f525f7c66281', 16, 'Cadena', 'CD', NULL, NULL, 17, '10961377-b4f4-4bac-a1a2-0a7e493ada26', '2026-03-26 14:04:44', '2026-03-26 14:04:44');
INSERT INTO public.secoes (id, num, title, code, description, note, "position", category_id, inserted_at, updated_at) VALUES ('b17c26cd-d274-4d08-a43f-2d5c8eabd7ab', 17, 'Ginga (extra)', NULL, 'A ginga nunca é uma categoria isolada — é um complemento entre parênteses.', NULL, 18, '10961377-b4f4-4bac-a1a2-0a7e493ada26', '2026-03-26 14:04:44', '2026-03-26 14:04:44');
INSERT INTO public.secoes (id, num, title, code, description, note, "position", category_id, inserted_at, updated_at) VALUES ('88999d5d-e995-4c8d-a911-a04d1e9437b2', 18, 'Outros movimentos', NULL, NULL, NULL, 19, '10961377-b4f4-4bac-a1a2-0a7e493ada26', '2026-03-26 14:04:44', '2026-03-26 14:04:44');
INSERT INTO public.secoes (id, num, title, code, description, note, "position", category_id, inserted_at, updated_at) VALUES ('32a63ce8-b06f-4da9-9165-32eacd13f9af', 19, 'Footwork & Variações Únicas', 'HF', 'Passos únicos do @forro_footwork que não se encaixam diretamente nas categorias existentes — musicalidade, decoração, condução ativa ou combinações criativas.', 'Nomes em inglês são os nomes originais do canal @forro_footwork.', 20, '95682503-9618-4ce6-b355-3dd9895f0ebc', '2026-03-26 14:04:44', '2026-03-26 14:04:44');
INSERT INTO public.secoes (id, num, title, code, description, note, "position", category_id, inserted_at, updated_at) VALUES ('1538acfe-0e97-41ff-a7f8-be2c151dae39', NULL, 'Conceitos Técnicos de Condução', NULL, 'Princípios que explicam a lógica por trás dos movimentos — ferramentas de compreensão e condução.', NULL, 21, '7a79b48d-fdfc-4b11-8426-6fbec863d99f', '2026-03-26 14:04:44', '2026-03-26 14:04:44');


--
-- Data for Name: subsecoes; Type: TABLE DATA; Schema: public; Owner: forrozin
--

INSERT INTO public.subsecoes (id, title, note, "position", section_id, inserted_at, updated_at) VALUES ('a858d39c-dd87-4b90-bcd5-2d95c18dcd75', 'Direção', NULL, 1, '992e10e4-529d-4ca0-868d-f98ee92ebd33', '2026-03-26 14:04:44', '2026-03-26 14:04:44');
INSERT INTO public.subsecoes (id, title, note, "position", section_id, inserted_at, updated_at) VALUES ('a3994e15-468b-4adc-829d-b5e1cd8f4512', 'Pé Duplo', NULL, 2, '992e10e4-529d-4ca0-868d-f98ee92ebd33', '2026-03-26 14:04:44', '2026-03-26 14:04:44');
INSERT INTO public.subsecoes (id, title, note, "position", section_id, inserted_at, updated_at) VALUES ('83618628-a4e2-4cf7-a5be-9baac7b6b77e', 'Saídas de Giros Paulistas', 'Todos os paulistas (GP, GPS, GPE) podem sair aberto ou fechado — sufixos opcionais.', 3, '992e10e4-529d-4ca0-868d-f98ee92ebd33', '2026-03-26 14:04:44', '2026-03-26 14:04:44');
INSERT INTO public.subsecoes (id, title, note, "position", section_id, inserted_at, updated_at) VALUES ('8d341f68-862d-44d9-ad4a-5dd9e16ef731', 'Entradas no GP', NULL, 1, 'b3176743-4839-4874-8bce-bd5c447b12f6', '2026-03-26 14:04:44', '2026-03-26 14:04:44');
INSERT INTO public.subsecoes (id, title, note, "position", section_id, inserted_at, updated_at) VALUES ('c409fa47-0bcd-4208-8422-b3daf1a80089', 'DA-U — Dança aberta universitária', 'Abertura lateral com pé para trás.', 1, 'cf0aca52-6373-478f-b143-6696a4b3520b', '2026-03-26 14:04:44', '2026-03-26 14:04:44');
INSERT INTO public.subsecoes (id, title, note, "position", section_id, inserted_at, updated_at) VALUES ('c02db39a-b680-46bc-9d8f-59291d3091b1', 'DA-R — Dança aberta roots', 'Abertura para frente, usando o quarto tempo do forró. Ativa a intenção de trava via condução firme de mãos e braços.', 2, 'cf0aca52-6373-478f-b143-6696a4b3520b', '2026-03-26 14:04:44', '2026-03-26 14:04:44');
INSERT INTO public.subsecoes (id, title, note, "position", section_id, inserted_at, updated_at) VALUES ('5e779d1b-b6f3-48fd-b9a8-03abb327300b', 'Entradas', NULL, 1, '9f09fc4d-4562-4e9f-aa47-6269c0cb069a', '2026-03-26 14:04:44', '2026-03-26 14:04:44');
INSERT INTO public.subsecoes (id, title, note, "position", section_id, inserted_at, updated_at) VALUES ('fd894700-c225-463c-a419-9064e94b2d65', 'Giros simples', NULL, 1, '28394cf8-8fa8-4520-bfc7-6fa69e8cb5f4', '2026-03-26 14:04:44', '2026-03-26 14:04:44');
INSERT INTO public.subsecoes (id, title, note, "position", section_id, inserted_at, updated_at) VALUES ('48440fde-7740-4405-8d9d-5946fd6c8bb2', 'Giros de 5 pisadas', NULL, 2, '28394cf8-8fa8-4520-bfc7-6fa69e8cb5f4', '2026-03-26 14:04:44', '2026-03-26 14:04:44');
INSERT INTO public.subsecoes (id, title, note, "position", section_id, inserted_at, updated_at) VALUES ('4e58234a-b50d-4d7b-b5b0-439a82e6af00', 'Variações de giro', NULL, 3, '28394cf8-8fa8-4520-bfc7-6fa69e8cb5f4', '2026-03-26 14:04:44', '2026-03-26 14:04:44');


--
-- Data for Name: passos; Type: TABLE DATA; Schema: public; Owner: forrozin
--

INSERT INTO public.passos (id, code, name, note, wip, image_path, status, "position", category_id, section_id, subsection_id, inserted_at, updated_at) VALUES ('0add7a12-5b76-4a3a-813b-198416806b08', 'D', 'Direita', NULL, false, NULL, 'published', 1, 'faead397-31ff-424b-bde0-1ffaf538a8e5', '992e10e4-529d-4ca0-868d-f98ee92ebd33', 'a858d39c-dd87-4b90-bcd5-2d95c18dcd75', '2026-03-26 14:04:44', '2026-03-26 14:04:44');
INSERT INTO public.passos (id, code, name, note, wip, image_path, status, "position", category_id, section_id, subsection_id, inserted_at, updated_at) VALUES ('4dbcb3e5-4b9a-4c4f-b2b7-a8e554384197', 'E', 'Esquerda', NULL, false, NULL, 'published', 2, 'faead397-31ff-424b-bde0-1ffaf538a8e5', '992e10e4-529d-4ca0-868d-f98ee92ebd33', 'a858d39c-dd87-4b90-bcd5-2d95c18dcd75', '2026-03-26 14:04:44', '2026-03-26 14:04:44');
INSERT INTO public.passos (id, code, name, note, wip, image_path, status, "position", category_id, section_id, subsection_id, inserted_at, updated_at) VALUES ('ad0ae1a2-7e6e-41e1-8ec2-d9e5dab51580', 'F', 'Frente', NULL, false, NULL, 'published', 3, 'faead397-31ff-424b-bde0-1ffaf538a8e5', '992e10e4-529d-4ca0-868d-f98ee92ebd33', 'a858d39c-dd87-4b90-bcd5-2d95c18dcd75', '2026-03-26 14:04:44', '2026-03-26 14:04:44');
INSERT INTO public.passos (id, code, name, note, wip, image_path, status, "position", category_id, section_id, subsection_id, inserted_at, updated_at) VALUES ('1bc53ed2-aa5b-4eac-9b32-1d593a16e0d7', 'T', 'Trás', NULL, false, NULL, 'published', 4, 'faead397-31ff-424b-bde0-1ffaf538a8e5', '992e10e4-529d-4ca0-868d-f98ee92ebd33', 'a858d39c-dd87-4b90-bcd5-2d95c18dcd75', '2026-03-26 14:04:44', '2026-03-26 14:04:44');
INSERT INTO public.passos (id, code, name, note, wip, image_path, status, "position", category_id, section_id, subsection_id, inserted_at, updated_at) VALUES ('0e81c5f8-c3e0-48b4-8358-68ea3d0b5e5b', 'pd(ca-fr)', 'Calcanhar → Frente', NULL, false, NULL, 'published', 1, 'faead397-31ff-424b-bde0-1ffaf538a8e5', '992e10e4-529d-4ca0-868d-f98ee92ebd33', 'a3994e15-468b-4adc-829d-b5e1cd8f4512', '2026-03-26 14:04:44', '2026-03-26 14:04:44');
INSERT INTO public.passos (id, code, name, note, wip, image_path, status, "position", category_id, section_id, subsection_id, inserted_at, updated_at) VALUES ('e81f88b2-925c-4102-9e21-e56fb34c1c8c', 'HF-B2TA', 'Base 2 Turn Away', 'Saída pós-caminhada: condutor avança o pé direito e gira anti-horário 360° em 3 tempos. A conduzida reverte naturalmente para base 2.', true, 'images/HF-B2TA.jpg', 'published', 7, 'a4c5f003-8785-43bf-988f-a4268c7f80a7', '8a96eda9-2463-432b-839e-4cbb90c7840f', NULL, '2026-03-26 14:04:44', '2026-03-26 14:04:44');
INSERT INTO public.passos (id, code, name, note, wip, image_path, status, "position", category_id, section_id, subsection_id, inserted_at, updated_at) VALUES ('880a499c-cdf9-49e6-b024-b49aa4a5f195', 'HF-R2R', 'Right to Right Block Block Block', 'Conexão mão direita do condutor com mão direita da conduzida, seguida de três bloqueios consecutivos.', true, 'images/HF-R2R.jpg', 'published', 8, 'a4c5f003-8785-43bf-988f-a4268c7f80a7', '8a96eda9-2463-432b-839e-4cbb90c7840f', NULL, '2026-03-26 14:04:44', '2026-03-26 14:04:44');
INSERT INTO public.passos (id, code, name, note, wip, image_path, status, "position", category_id, section_id, subsection_id, inserted_at, updated_at) VALUES ('a2ba028c-6700-44bc-8d78-33ca82437391', 'HF-S3', 'Side to Side to Side', 'Bloqueio logo após um giro. Condutor abaixa as mãos para sinalizar. Deslocamento lateral em sequência.', true, 'images/HF-S3.jpg', 'published', 9, 'a4c5f003-8785-43bf-988f-a4268c7f80a7', '8a96eda9-2463-432b-839e-4cbb90c7840f', NULL, '2026-03-26 14:04:44', '2026-03-26 14:04:44');
INSERT INTO public.passos (id, code, name, note, wip, image_path, status, "position", category_id, section_id, subsection_id, inserted_at, updated_at) VALUES ('a6bc3198-542e-4c55-9718-cb28464aef98', 'HF-AVB', 'Avião com Bloqueio', 'Finalização alternativa do avião com um bloqueio.', true, 'images/HF-AVB.jpg', 'published', 10, 'a4c5f003-8785-43bf-988f-a4268c7f80a7', '8a96eda9-2463-432b-839e-4cbb90c7840f', NULL, '2026-03-26 14:04:44', '2026-03-26 14:04:44');
INSERT INTO public.passos (id, code, name, note, wip, image_path, status, "position", category_id, section_id, subsection_id, inserted_at, updated_at) VALUES ('9a0fdcd3-adcc-4449-8b99-8eacf7a44330', 'PE-E-E', 'Pescada esquerda-esquerda', 'Fim de caminhada, perna esquerda prende esquerda dela. Saídas: PI, GS, BF', false, NULL, 'published', 1, '34031fa1-c807-476d-ac49-6ec8039aa5d3', '7f7e0626-bab2-49eb-837d-2944e16574e8', NULL, '2026-03-26 14:04:44', '2026-03-26 14:04:44');
INSERT INTO public.passos (id, code, name, note, wip, image_path, status, "position", category_id, section_id, subsection_id, inserted_at, updated_at) VALUES ('e1bac333-a48d-4f3f-bd8c-ab08e5e8cc0d', 'PE-D-D', 'Pescada direita-direita', NULL, true, NULL, 'published', 4, '34031fa1-c807-476d-ac49-6ec8039aa5d3', '7f7e0626-bab2-49eb-837d-2944e16574e8', NULL, '2026-03-26 14:04:44', '2026-03-26 14:04:44');
INSERT INTO public.passos (id, code, name, note, wip, image_path, status, "position", category_id, section_id, subsection_id, inserted_at, updated_at) VALUES ('0ab6b7ee-3636-485e-bac8-7f2fd222f559', 'PU-E-T', 'Push n pull com esquerda para trás', 'Pós dissociação de abertura', false, NULL, 'published', 3, '10961377-b4f4-4bac-a1a2-0a7e493ada26', '3d8851f2-d0ca-4d61-b433-1fd6f98599a4', NULL, '2026-03-26 14:04:44', '2026-03-26 14:04:44');
INSERT INTO public.passos (id, code, name, note, wip, image_path, status, "position", category_id, section_id, subsection_id, inserted_at, updated_at) VALUES ('78d223d2-9e71-489a-a770-648ff60c00eb', 'DA-U-RE', 'Repique universitário', 'Base aberta: abertura com duas mãos, sacada de quadril', false, NULL, 'published', 1, '10961377-b4f4-4bac-a1a2-0a7e493ada26', 'cf0aca52-6373-478f-b143-6696a4b3520b', 'c409fa47-0bcd-4208-8422-b3daf1a80089', '2026-03-26 14:04:44', '2026-03-26 14:04:44');
INSERT INTO public.passos (id, code, name, note, wip, image_path, status, "position", category_id, section_id, subsection_id, inserted_at, updated_at) VALUES ('e7821fd3-9d20-409f-9714-5a3d954744ed', 'PI', 'Pião horário (padrão)', 'Saídas: GP (ímpar), PE, TR-ARM, TRD', false, NULL, 'published', 1, 'e05ec26e-b193-4ad6-a583-a68ff2cc96f4', '9f09fc4d-4562-4e9f-aa47-6269c0cb069a', NULL, '2026-03-26 14:04:44', '2026-03-26 14:04:44');
INSERT INTO public.passos (id, code, name, note, wip, image_path, status, "position", category_id, section_id, subsection_id, inserted_at, updated_at) VALUES ('61e50c31-f43d-4d6e-b77e-033bd6ba5240', 'PI-INV', 'Pião anti-horário (invertido)', 'Combo elegante: PI-INV > CA-F > PI-INV > CA-F', false, NULL, 'published', 2, 'e05ec26e-b193-4ad6-a583-a68ff2cc96f4', '9f09fc4d-4562-4e9f-aa47-6269c0cb069a', NULL, '2026-03-26 14:04:44', '2026-03-26 14:04:44');
INSERT INTO public.passos (id, code, name, note, wip, image_path, status, "position", category_id, section_id, subsection_id, inserted_at, updated_at) VALUES ('131295a4-cf9f-4343-b832-b4574460e0f3', 'GS', 'Giro simples', 'Saídas: BF, AB, MC, PI', false, NULL, 'published', 1, 'e05ec26e-b193-4ad6-a583-a68ff2cc96f4', '28394cf8-8fa8-4520-bfc7-6fa69e8cb5f4', 'fd894700-c225-463c-a419-9064e94b2d65', '2026-03-26 14:04:44', '2026-03-26 14:04:44');
INSERT INTO public.passos (id, code, name, note, wip, image_path, status, "position", category_id, section_id, subsection_id, inserted_at, updated_at) VALUES ('38678c49-566c-41a5-a0ee-9e6402f0f505', 'GS-TM', 'Trocando de mão no alto', NULL, false, NULL, 'published', 2, 'e05ec26e-b193-4ad6-a583-a68ff2cc96f4', '28394cf8-8fa8-4520-bfc7-6fa69e8cb5f4', 'fd894700-c225-463c-a419-9064e94b2d65', '2026-03-26 14:04:44', '2026-03-26 14:04:44');
INSERT INTO public.passos (id, code, name, note, wip, image_path, status, "position", category_id, section_id, subsection_id, inserted_at, updated_at) VALUES ('5eb2bfbc-c95b-424b-9ba6-3efdf1ff085f', 'GS-AL', 'Indo para abraço lateral grudado', NULL, false, NULL, 'published', 3, 'e05ec26e-b193-4ad6-a583-a68ff2cc96f4', '28394cf8-8fa8-4520-bfc7-6fa69e8cb5f4', 'fd894700-c225-463c-a419-9064e94b2d65', '2026-03-26 14:04:44', '2026-03-26 14:04:44');
INSERT INTO public.passos (id, code, name, note, wip, image_path, status, "position", category_id, section_id, subsection_id, inserted_at, updated_at) VALUES ('96121420-f55f-4439-8cea-f5278c32b4b8', 'GS-ALT', 'Trocando ela de lado no abraço lateral', NULL, false, NULL, 'published', 4, 'e05ec26e-b193-4ad6-a583-a68ff2cc96f4', '28394cf8-8fa8-4520-bfc7-6fa69e8cb5f4', 'fd894700-c225-463c-a419-9064e94b2d65', '2026-03-26 14:04:44', '2026-03-26 14:04:44');
INSERT INTO public.passos (id, code, name, note, wip, image_path, status, "position", category_id, section_id, subsection_id, inserted_at, updated_at) VALUES ('1e91329e-3444-4b2c-9f31-cc16ba82c57c', 'GS-CH', 'Chuveirinho', NULL, false, NULL, 'published', 5, 'e05ec26e-b193-4ad6-a583-a68ff2cc96f4', '28394cf8-8fa8-4520-bfc7-6fa69e8cb5f4', 'fd894700-c225-463c-a419-9064e94b2d65', '2026-03-26 14:04:44', '2026-03-26 14:04:44');
INSERT INTO public.passos (id, code, name, note, wip, image_path, status, "position", category_id, section_id, subsection_id, inserted_at, updated_at) VALUES ('b381ae51-47ec-44d9-b74d-10c4177dab5f', 'GS-CHO', 'Chuveirinho no ombro', NULL, false, NULL, 'published', 6, 'e05ec26e-b193-4ad6-a583-a68ff2cc96f4', '28394cf8-8fa8-4520-bfc7-6fa69e8cb5f4', 'fd894700-c225-463c-a419-9064e94b2d65', '2026-03-26 14:04:44', '2026-03-26 14:04:44');
INSERT INTO public.passos (id, code, name, note, wip, image_path, status, "position", category_id, section_id, subsection_id, inserted_at, updated_at) VALUES ('3cb5520f-8cd3-4980-bb85-0cd223e4312d', 'pd(fr-ca)', 'Frente → Calcanhar', NULL, false, NULL, 'published', 2, 'faead397-31ff-424b-bde0-1ffaf538a8e5', '992e10e4-529d-4ca0-868d-f98ee92ebd33', 'a3994e15-468b-4adc-829d-b5e1cd8f4512', '2026-03-26 14:04:44', '2026-03-26 14:04:44');
INSERT INTO public.passos (id, code, name, note, wip, image_path, status, "position", category_id, section_id, subsection_id, inserted_at, updated_at) VALUES ('0e9c769a-9b7f-44b1-857a-a5513fb8bdc8', '-A', 'Saída aberta', NULL, false, NULL, 'published', 1, 'faead397-31ff-424b-bde0-1ffaf538a8e5', '992e10e4-529d-4ca0-868d-f98ee92ebd33', '83618628-a4e2-4cf7-a5be-9baac7b6b77e', '2026-03-26 14:04:44', '2026-03-26 14:04:44');
INSERT INTO public.passos (id, code, name, note, wip, image_path, status, "position", category_id, section_id, subsection_id, inserted_at, updated_at) VALUES ('a64b6cf1-e66b-4fe5-912e-7e220acf1c3d', '-PC', 'Saída pelas costas', NULL, true, NULL, 'published', 3, 'faead397-31ff-424b-bde0-1ffaf538a8e5', '992e10e4-529d-4ca0-868d-f98ee92ebd33', '83618628-a4e2-4cf7-a5be-9baac7b6b77e', '2026-03-26 14:04:44', '2026-03-26 14:04:44');
INSERT INTO public.passos (id, code, name, note, wip, image_path, status, "position", category_id, section_id, subsection_id, inserted_at, updated_at) VALUES ('a32c1469-e565-43f4-8d0a-944178c63da2', 'BTR', 'Base triangular', NULL, false, NULL, 'published', 1, '0bf71140-428a-42c3-960e-d80aa03b181b', '42005123-929a-4e0d-aedf-a68e43deef5d', NULL, '2026-03-26 14:04:44', '2026-03-26 14:04:44');
INSERT INTO public.passos (id, code, name, note, wip, image_path, status, "position", category_id, section_id, subsection_id, inserted_at, updated_at) VALUES ('14ad8c1c-edd4-4392-a4bf-9b6e60676179', 'BF', 'Base frontal', NULL, false, NULL, 'published', 2, '0bf71140-428a-42c3-960e-d80aa03b181b', '42005123-929a-4e0d-aedf-a68e43deef5d', NULL, '2026-03-26 14:04:44', '2026-03-26 14:04:44');
INSERT INTO public.passos (id, code, name, note, wip, image_path, status, "position", category_id, section_id, subsection_id, inserted_at, updated_at) VALUES ('6027177f-132f-46b0-aeb5-c0831a896332', 'BFR', 'Base frontal romântica', 'Com arraste lateral e ginga suave', false, NULL, 'published', 3, '0bf71140-428a-42c3-960e-d80aa03b181b', '42005123-929a-4e0d-aedf-a68e43deef5d', NULL, '2026-03-26 14:04:44', '2026-03-26 14:04:44');
INSERT INTO public.passos (id, code, name, note, wip, image_path, status, "position", category_id, section_id, subsection_id, inserted_at, updated_at) VALUES ('803f2948-4b44-4853-8422-c03cd2483dc4', 'BQ', 'Base quadrada', NULL, false, NULL, 'published', 4, '0bf71140-428a-42c3-960e-d80aa03b181b', '42005123-929a-4e0d-aedf-a68e43deef5d', NULL, '2026-03-26 14:04:44', '2026-03-26 14:04:44');
INSERT INTO public.passos (id, code, name, note, wip, image_path, status, "position", category_id, section_id, subsection_id, inserted_at, updated_at) VALUES ('b2c2b438-2fde-4193-8124-cecbb99dcab0', 'BL', 'Base lateral', 'Com aberturas e variações', false, NULL, 'published', 5, '0bf71140-428a-42c3-960e-d80aa03b181b', '42005123-929a-4e0d-aedf-a68e43deef5d', NULL, '2026-03-26 14:04:44', '2026-03-26 14:04:44');
INSERT INTO public.passos (id, code, name, note, wip, image_path, status, "position", category_id, section_id, subsection_id, inserted_at, updated_at) VALUES ('fa03b6b6-7540-4909-8ae7-b59bca199917', 'BE', 'Base estranha', 'Pé direito vai à frente (em vez de trás) ao voltar ao meio — condutor invade o espaço da conduzida. Função: habilitar GPE.', false, NULL, 'published', 6, '0bf71140-428a-42c3-960e-d80aa03b181b', '42005123-929a-4e0d-aedf-a68e43deef5d', NULL, '2026-03-26 14:04:44', '2026-03-26 14:04:44');
INSERT INTO public.passos (id, code, name, note, wip, image_path, status, "position", category_id, section_id, subsection_id, inserted_at, updated_at) VALUES ('c377c29d-abdf-4f31-be67-9ca28dc5495f', 'SC', 'Sacada simples', 'Transferência, pé por baixo, coxa. Entradas: intenção de sacada. Saídas: GP, TRD, PE, CA, PI', false, NULL, 'published', 1, '5d4ea666-5c49-4c18-ba38-f342b73fa06b', '88878dcd-93ae-4441-9573-e8d38483b0be', NULL, '2026-03-26 14:04:44', '2026-03-26 14:04:44');
INSERT INTO public.passos (id, code, name, note, wip, image_path, status, "position", category_id, section_id, subsection_id, inserted_at, updated_at) VALUES ('42e90d56-154f-4af8-b52d-cb024fc12248', 'MC-TG', 'Troca de mão girando horário com abertura', NULL, false, NULL, 'published', 3, '10961377-b4f4-4bac-a1a2-0a7e493ada26', 'd9325b2a-59de-44a8-b07c-c1f7cf712627', NULL, '2026-03-26 14:04:44', '2026-03-26 14:04:44');
INSERT INTO public.passos (id, code, name, note, wip, image_path, status, "position", category_id, section_id, subsection_id, inserted_at, updated_at) VALUES ('d1464403-39b5-4bf1-bbf6-466b355ab677', 'AB-T', 'Trocas de lado', NULL, false, NULL, 'published', 1, '10961377-b4f4-4bac-a1a2-0a7e493ada26', 'e67a9293-51ce-4a8d-b34b-26c5e55bb5c6', NULL, '2026-03-26 14:04:44', '2026-03-26 14:04:44');
INSERT INTO public.passos (id, code, name, note, wip, image_path, status, "position", category_id, section_id, subsection_id, inserted_at, updated_at) VALUES ('1031de73-5caa-416f-b6bf-a6eab52ff44e', 'SC-E', 'Sacada de esquerda', 'Mecânica própria — não depende da intenção de sacada padrão. Saídas: PE-SC-E, GP', false, NULL, 'published', 2, '5d4ea666-5c49-4c18-ba38-f342b73fa06b', '88878dcd-93ae-4441-9573-e8d38483b0be', NULL, '2026-03-26 14:04:44', '2026-03-26 14:04:44');
INSERT INTO public.passos (id, code, name, note, wip, image_path, status, "position", category_id, section_id, subsection_id, inserted_at, updated_at) VALUES ('25e48e38-900f-47f6-a948-397b1f0ade41', 'SCxX', 'Sacada múltipla (sacadas alternadas)', 'Sacadas alternadas em sequência — exige coordenação precisa de ambos os parceiros.', false, NULL, 'published', 4, '5d4ea666-5c49-4c18-ba38-f342b73fa06b', '88878dcd-93ae-4441-9573-e8d38483b0be', NULL, '2026-03-26 14:04:44', '2026-03-26 14:04:44');
INSERT INTO public.passos (id, code, name, note, wip, image_path, status, "position", category_id, section_id, subsection_id, inserted_at, updated_at) VALUES ('997f0c1c-4a47-4cea-80f2-6b6b56dd9508', 'HF-SRS', 'Suspended Rotating Sacada', 'Sacada rotativa suspensa — perna sacada fica suspensa até o tempo 5 do próximo compasso. Leve pausa durante a rotação.', true, 'images/HF-SRS.jpg', 'published', 5, '5d4ea666-5c49-4c18-ba38-f342b73fa06b', '88878dcd-93ae-4441-9573-e8d38483b0be', NULL, '2026-03-26 14:04:44', '2026-03-26 14:04:44');
INSERT INTO public.passos (id, code, name, note, wip, image_path, status, "position", category_id, section_id, subsection_id, inserted_at, updated_at) VALUES ('e5b11c21-9593-44a7-b55d-5de555ad318c', 'HF-RS', 'Reverse Sacada', 'Sacada reversa — extensão ou finalização alternativa da Caminhada Block (HF-CAB).', true, 'images/HF-RS.jpg', 'published', 6, '5d4ea666-5c49-4c18-ba38-f342b73fa06b', '88878dcd-93ae-4441-9573-e8d38483b0be', NULL, '2026-03-26 14:04:44', '2026-03-26 14:04:44');
INSERT INTO public.passos (id, code, name, note, wip, image_path, status, "position", category_id, section_id, subsection_id, inserted_at, updated_at) VALUES ('394bcac4-9d38-470d-9518-8695c278c8f6', 'HF-NS', 'Pêndulo Sacada', 'Deslize lateral combinado com Pêndulo. 5 passos sem pausa, ou com pausa. Seguido por sacadas repetidas em 1-3, 1-3.', true, 'images/HF-NS.jpg', 'published', 7, '5d4ea666-5c49-4c18-ba38-f342b73fa06b', '88878dcd-93ae-4441-9573-e8d38483b0be', NULL, '2026-03-26 14:04:44', '2026-03-26 14:04:44');
INSERT INTO public.passos (id, code, name, note, wip, image_path, status, "position", category_id, section_id, subsection_id, inserted_at, updated_at) VALUES ('f0aa6152-fc28-4445-a7f6-d7bd72a36683', 'HF-CCS', 'Cha Cha Sacada', 'Versão estendida da Sacada com Arrastada: sacada esq. → sacada dir. → e de volta.', true, 'images/HF-CCS.jpg', 'published', 8, '5d4ea666-5c49-4c18-ba38-f342b73fa06b', '88878dcd-93ae-4441-9573-e8d38483b0be', NULL, '2026-03-26 14:04:44', '2026-03-26 14:04:44');
INSERT INTO public.passos (id, code, name, note, wip, image_path, status, "position", category_id, section_id, subsection_id, inserted_at, updated_at) VALUES ('acc4b4da-07ea-445f-890c-66794b25ce20', 'HF-FSC', 'Follower Sacada', 'A conduzida executa a sacada — following ativo.', true, 'images/HF-FSC.jpg', 'published', 9, '5d4ea666-5c49-4c18-ba38-f342b73fa06b', '88878dcd-93ae-4441-9573-e8d38483b0be', NULL, '2026-03-26 14:04:44', '2026-03-26 14:04:44');
INSERT INTO public.passos (id, code, name, note, wip, image_path, status, "position", category_id, section_id, subsection_id, inserted_at, updated_at) VALUES ('7ad1620f-18c5-4a79-b5ae-afa3575d7a44', 'HF-SCA', 'Sacada com Arrastada', 'Condutor cruza as pernas no passo recuado e usa a coxa esquerda para a sacada, seguida de arraste do pé.', true, 'images/HF-SCA.jpg', 'published', 10, '5d4ea666-5c49-4c18-ba38-f342b73fa06b', '88878dcd-93ae-4441-9573-e8d38483b0be', NULL, '2026-03-26 14:04:44', '2026-03-26 14:04:44');
INSERT INTO public.passos (id, code, name, note, wip, image_path, status, "position", category_id, section_id, subsection_id, inserted_at, updated_at) VALUES ('f8bdf9b0-a3db-4e90-a444-86cdf88ae2b3', 'HF-SLC', 'Sacada Leg Catch', 'Sacada com captura de perna — arriscado (canela da conduzida). Praticar sem sapatos.', true, 'images/HF-SLC.jpg', 'published', 11, '5d4ea666-5c49-4c18-ba38-f342b73fa06b', '88878dcd-93ae-4441-9573-e8d38483b0be', NULL, '2026-03-26 14:04:44', '2026-03-26 14:04:44');
INSERT INTO public.passos (id, code, name, note, wip, image_path, status, "position", category_id, section_id, subsection_id, inserted_at, updated_at) VALUES ('82407186-ddb2-4cc3-aafc-947d3c5b49b4', 'HF-STD', 'Sacada de Trava Deco', 'Condutor cruza pé direito por trás, libera espaço para varredura com o pé esquerdo. Conduzida aproveita com a perna direita.', true, 'images/HF-STD.jpg', 'published', 12, '5d4ea666-5c49-4c18-ba38-f342b73fa06b', '88878dcd-93ae-4441-9573-e8d38483b0be', NULL, '2026-03-26 14:04:44', '2026-03-26 14:04:44');
INSERT INTO public.passos (id, code, name, note, wip, image_path, status, "position", category_id, section_id, subsection_id, inserted_at, updated_at) VALUES ('706db0af-3bdb-40eb-a7bc-647a3626b713', 'HF-PLS', 'Pêndulo Lateral + Sacada + Caminhada com Pausa', 'Das mais estilosas: pêndulo lateral encadeado com sacada e caminhada com pausa.', true, 'images/HF-PLS.jpg', 'published', 13, '5d4ea666-5c49-4c18-ba38-f342b73fa06b', '88878dcd-93ae-4441-9573-e8d38483b0be', NULL, '2026-03-26 14:04:44', '2026-03-26 14:04:44');
INSERT INTO public.passos (id, code, name, note, wip, image_path, status, "position", category_id, section_id, subsection_id, inserted_at, updated_at) VALUES ('66e8a7df-3736-420d-b192-ebb378ea541f', 'SCSP', 'Sacada sem peso', 'Saída em chassê', false, NULL, 'published', 1, '5d4ea666-5c49-4c18-ba38-f342b73fa06b', 'ee826713-b055-4e37-a383-6eb9fb633010', NULL, '2026-03-26 14:04:44', '2026-03-26 14:04:44');
INSERT INTO public.passos (id, code, name, note, wip, image_path, status, "position", category_id, section_id, subsection_id, inserted_at, updated_at) VALUES ('38378a79-b5fb-4334-b9b5-ad4a5b537289', 'SCSP-BE', 'Com pézin esquerdo batendo 1', 'Seguido de balanço para esquerda (footwork base 1)', false, NULL, 'published', 2, '5d4ea666-5c49-4c18-ba38-f342b73fa06b', 'ee826713-b055-4e37-a383-6eb9fb633010', NULL, '2026-03-26 14:04:44', '2026-03-26 14:04:44');
INSERT INTO public.passos (id, code, name, note, wip, image_path, status, "position", category_id, section_id, subsection_id, inserted_at, updated_at) VALUES ('bf44b161-cd66-462f-815b-3f35280d8ffc', 'SCSP-TP', 'Com troca rápida', 'Troca rápida pela direita antes do balanço esquerda', false, NULL, 'published', 5, '5d4ea666-5c49-4c18-ba38-f342b73fa06b', 'ee826713-b055-4e37-a383-6eb9fb633010', NULL, '2026-03-26 14:04:44', '2026-03-26 14:04:44');
INSERT INTO public.passos (id, code, name, note, wip, image_path, status, "position", category_id, section_id, subsection_id, inserted_at, updated_at) VALUES ('8b7f982e-7939-4b28-acdc-90393083f936', 'SCSP-MD', 'Marca duplo saída mão cruzada', 'Marca duplo com esquerda pd(ca-fr)-E, entra girando esquerda', false, NULL, 'published', 6, '5d4ea666-5c49-4c18-ba38-f342b73fa06b', 'ee826713-b055-4e37-a383-6eb9fb633010', NULL, '2026-03-26 14:04:44', '2026-03-26 14:04:44');
INSERT INTO public.passos (id, code, name, note, wip, image_path, status, "position", category_id, section_id, subsection_id, inserted_at, updated_at) VALUES ('4edb31c2-305a-466f-b5c6-43117b7dd733', 'TR-E', 'Trava esquerda', NULL, false, NULL, 'published', 1, 'a4c5f003-8785-43bf-988f-a4268c7f80a7', '8a96eda9-2463-432b-839e-4cbb90c7840f', NULL, '2026-03-26 14:04:44', '2026-03-26 14:04:44');
INSERT INTO public.passos (id, code, name, note, wip, image_path, status, "position", category_id, section_id, subsection_id, inserted_at, updated_at) VALUES ('a3050dac-64de-4eb8-b107-a0421045c63a', 'TR-FS', 'Trava frontal sem sacada', 'Entradas: DA-R, intenção de sacada', false, NULL, 'published', 2, 'a4c5f003-8785-43bf-988f-a4268c7f80a7', '8a96eda9-2463-432b-839e-4cbb90c7840f', NULL, '2026-03-26 14:04:44', '2026-03-26 14:04:44');
INSERT INTO public.passos (id, code, name, note, wip, image_path, status, "position", category_id, section_id, subsection_id, inserted_at, updated_at) VALUES ('ff137ebe-791f-4bb0-b7ba-3f1cff8e3614', 'TR-FC', 'Trava frontal com sacada', 'Entradas: DA-R, intenção de sacada', false, NULL, 'published', 3, 'a4c5f003-8785-43bf-988f-a4268c7f80a7', '8a96eda9-2463-432b-839e-4cbb90c7840f', NULL, '2026-03-26 14:04:44', '2026-03-26 14:04:44');
INSERT INTO public.passos (id, code, name, note, wip, image_path, status, "position", category_id, section_id, subsection_id, inserted_at, updated_at) VALUES ('5ea9edb3-b4fc-4527-9db6-0cc939bdb91e', 'TR-P3', 'Trava com pezinho no terceiro tempo', NULL, false, NULL, 'published', 4, 'a4c5f003-8785-43bf-988f-a4268c7f80a7', '8a96eda9-2463-432b-839e-4cbb90c7840f', NULL, '2026-03-26 14:04:44', '2026-03-26 14:04:44');
INSERT INTO public.passos (id, code, name, note, wip, image_path, status, "position", category_id, section_id, subsection_id, inserted_at, updated_at) VALUES ('ca04fc68-824d-4ef4-be57-34e4755afca0', 'TR-ARM', 'Trava armada', 'Ambos jogam CDM para direita criando elástico. Na virada, condutor cruza direita e conduzida cruza esquerda → trava. Saídas: GP, TRD', false, NULL, 'published', 5, 'a4c5f003-8785-43bf-988f-a4268c7f80a7', '8a96eda9-2463-432b-839e-4cbb90c7840f', NULL, '2026-03-26 14:04:44', '2026-03-26 14:04:44');
INSERT INTO public.passos (id, code, name, note, wip, image_path, status, "position", category_id, section_id, subsection_id, inserted_at, updated_at) VALUES ('396e1730-ebbf-47d1-a152-625abdf2036a', 'SCSP-PDI-ET-BE', 'Falso balanço esquerdo', 'Finalização de pé direito para dentro, pé esquerdo por trás do direito', false, NULL, 'published', 4, '5d4ea666-5c49-4c18-ba38-f342b73fa06b', 'ee826713-b055-4e37-a383-6eb9fb633010', NULL, '2026-03-26 14:04:44', '2026-03-26 14:04:44');
INSERT INTO public.passos (id, code, name, note, wip, image_path, status, "position", category_id, section_id, subsection_id, inserted_at, updated_at) VALUES ('e35a9255-b442-41eb-8ebb-c966ee3435de', 'HF-ALC', 'Facão Leg Catch', 'Captura de perna com facão — floreio decorativo no contexto de uma inversão.', true, 'images/HF-ALC.jpg', 'published', 5, '34031fa1-c807-476d-ac49-6ec8039aa5d3', '7f7e0626-bab2-49eb-837d-2944e16574e8', NULL, '2026-03-26 14:04:44', '2026-03-26 14:04:44');
INSERT INTO public.passos (id, code, name, note, wip, image_path, status, "position", category_id, section_id, subsection_id, inserted_at, updated_at) VALUES ('8378bb98-0a9e-48a5-a7b9-e94df0b82823', 'HF-FCS', 'Foot Catch Spin', 'Giro com captura de pé — combina giro e captura num movimento fluido.', true, 'images/HF-FCS.jpg', 'published', 6, '34031fa1-c807-476d-ac49-6ec8039aa5d3', '7f7e0626-bab2-49eb-837d-2944e16574e8', NULL, '2026-03-26 14:04:44', '2026-03-26 14:04:44');
INSERT INTO public.passos (id, code, name, note, wip, image_path, status, "position", category_id, section_id, subsection_id, inserted_at, updated_at) VALUES ('9f44ddc9-c072-4a6c-87f6-a2148141674b', 'CA-E', 'Caminhada esquerda', 'Entradas: intenção de sacada, DA-R, SC. Saídas: PE-E-E, SC, BF', false, NULL, 'published', 1, 'ea1e26df-e3ef-41d1-a144-cca79a3ca5ec', 'd5829130-0198-4d6d-81f2-d6a37ba1d4bd', NULL, '2026-03-26 14:04:44', '2026-03-26 14:04:44');
INSERT INTO public.passos (id, code, name, note, wip, image_path, status, "position", category_id, section_id, subsection_id, inserted_at, updated_at) VALUES ('92e9462a-a88d-4731-869d-659c43bc5235', 'CA-F', 'Caminhada frontal', 'Preferir 45° para a esquerda — condução mais leve. Saídas: PI, PI-INV', false, NULL, 'published', 2, 'ea1e26df-e3ef-41d1-a144-cca79a3ca5ec', 'd5829130-0198-4d6d-81f2-d6a37ba1d4bd', NULL, '2026-03-26 14:04:44', '2026-03-26 14:04:44');
INSERT INTO public.passos (id, code, name, note, wip, image_path, status, "position", category_id, section_id, subsection_id, inserted_at, updated_at) VALUES ('9db343a2-8f8f-484f-b169-e7cd50a0eac2', 'CA-I', 'Caminhada Itaúnas', 'Condutor vai para trás. Preferir condução pequena em músicas rápidas.', false, NULL, 'published', 3, 'ea1e26df-e3ef-41d1-a144-cca79a3ca5ec', 'd5829130-0198-4d6d-81f2-d6a37ba1d4bd', NULL, '2026-03-26 14:04:44', '2026-03-26 14:04:44');
INSERT INTO public.passos (id, code, name, note, wip, image_path, status, "position", category_id, section_id, subsection_id, inserted_at, updated_at) VALUES ('b18c4d71-456d-4081-bea6-30c223d71e9b', 'CA-BF', 'Caminhada/batida frontal', 'Com ou sem batida traseira em tempo duplo', false, NULL, 'published', 4, 'ea1e26df-e3ef-41d1-a144-cca79a3ca5ec', 'd5829130-0198-4d6d-81f2-d6a37ba1d4bd', NULL, '2026-03-26 14:04:44', '2026-03-26 14:04:44');
INSERT INTO public.passos (id, code, name, note, wip, image_path, status, "position", category_id, section_id, subsection_id, inserted_at, updated_at) VALUES ('9099bab4-e18d-4526-bb13-5fc3f822820b', 'CA-CT', 'Caminhada com contorno', 'Condutor fica parado, ela contorna e pisa atrás com a esquerda. Retorno com intenção de sacada. Saídas: SC, GP, TRD, TR, CA', false, NULL, 'published', 5, 'ea1e26df-e3ef-41d1-a144-cca79a3ca5ec', 'd5829130-0198-4d6d-81f2-d6a37ba1d4bd', NULL, '2026-03-26 14:04:44', '2026-03-26 14:04:44');
INSERT INTO public.passos (id, code, name, note, wip, image_path, status, "position", category_id, section_id, subsection_id, inserted_at, updated_at) VALUES ('4a6e98d9-a96a-45cb-ac87-106c10bdeac2', 'CA-TZ', 'Caminhada cruzada com trava final', 'Primeiro passo da perna direita vai por trás da esquerda, finalizando em trava.', false, NULL, 'published', 6, 'ea1e26df-e3ef-41d1-a144-cca79a3ca5ec', 'd5829130-0198-4d6d-81f2-d6a37ba1d4bd', NULL, '2026-03-26 14:04:44', '2026-03-26 14:04:44');
INSERT INTO public.passos (id, code, name, note, wip, image_path, status, "position", category_id, section_id, subsection_id, inserted_at, updated_at) VALUES ('066e5470-0b1f-4de8-b601-57f3f5962fd0', 'HF-STS', 'Side to Slide', 'Deslize lateral alternado. Condutor desliza dir., cruza esq. por trás transferindo peso, libera pé dir. da conduzida para deslizar na direção oposta.', true, 'images/HF-STS.jpg', 'published', 7, 'ea1e26df-e3ef-41d1-a144-cca79a3ca5ec', 'd5829130-0198-4d6d-81f2-d6a37ba1d4bd', NULL, '2026-03-26 14:04:44', '2026-03-26 14:04:44');
INSERT INTO public.passos (id, code, name, note, wip, image_path, status, "position", category_id, section_id, subsection_id, inserted_at, updated_at) VALUES ('758777bd-69b4-40d8-958a-d16e0e01be0d', 'HF-CAI', 'Itaúnas Invertido', 'Condutor muda para tempos 1, 3, 5, 7 (paradiddle). A conduzida mantém base 2 normal. Ciclo de 16 tempos.', true, 'images/HF-CAI.jpg', 'published', 8, 'ea1e26df-e3ef-41d1-a144-cca79a3ca5ec', 'd5829130-0198-4d6d-81f2-d6a37ba1d4bd', NULL, '2026-03-26 14:04:44', '2026-03-26 14:04:44');
INSERT INTO public.passos (id, code, name, note, wip, image_path, status, "position", category_id, section_id, subsection_id, inserted_at, updated_at) VALUES ('8f983c7e-d29c-4297-b774-955818ea8636', 'HF-HHS', 'Hand to Hand Slide', 'Deslize da mão direita alta para a mão esquerda da conduzida.', true, 'images/HF-HHS.jpg', 'published', 9, 'ea1e26df-e3ef-41d1-a144-cca79a3ca5ec', 'd5829130-0198-4d6d-81f2-d6a37ba1d4bd', NULL, '2026-03-26 14:04:44', '2026-03-26 14:04:44');
INSERT INTO public.passos (id, code, name, note, wip, image_path, status, "position", category_id, section_id, subsection_id, inserted_at, updated_at) VALUES ('9c1b69a4-a76a-4c56-9dd6-fca0d32e3792', 'HF-CAB', 'Caminhada Block', 'Caminhada com bloqueio — difícil de dominar. Sacada Reversa (HF-RS) é uma extensão alternativa.', true, 'images/HF-CAB.jpg', 'published', 10, 'ea1e26df-e3ef-41d1-a144-cca79a3ca5ec', 'd5829130-0198-4d6d-81f2-d6a37ba1d4bd', NULL, '2026-03-26 14:04:44', '2026-03-26 14:04:44');
INSERT INTO public.passos (id, code, name, note, wip, image_path, status, "position", category_id, section_id, subsection_id, inserted_at, updated_at) VALUES ('dd56195b-b4d8-487c-9c26-67850da09c30', 'GP-D', 'Paulista duplo', 'Ela faz 1,5 giro, condutor executa 5 passos rápidos. Saída sempre fechada (-F).', false, NULL, 'published', 2, 'e05ec26e-b193-4ad6-a583-a68ff2cc96f4', 'b3176743-4839-4874-8bce-bd5c447b12f6', NULL, '2026-03-26 14:04:44', '2026-03-26 14:04:44');
INSERT INTO public.passos (id, code, name, note, wip, image_path, status, "position", category_id, section_id, subsection_id, inserted_at, updated_at) VALUES ('56e9647d-1203-4bf7-ac1a-0700457cc667', 'HF-IP1', 'Interrupted Paulista 1', 'Paulista interrompido — condutor não solta a mão, posiciona ambos lado a lado. Mão esq. baixa trava a rotação.', true, 'images/HF-IP1.jpg', 'published', 6, 'e05ec26e-b193-4ad6-a583-a68ff2cc96f4', 'b3176743-4839-4874-8bce-bd5c447b12f6', NULL, '2026-03-26 14:04:44', '2026-03-26 14:04:44');
INSERT INTO public.passos (id, code, name, note, wip, image_path, status, "position", category_id, section_id, subsection_id, inserted_at, updated_at) VALUES ('68b45f01-a3f8-4b37-90c7-9b17b2896904', 'HF-PRC', 'Paulista Release Come Back Twist', 'Setup igual ao paulista, mas condutor solta a conexão após o bloqueio. A energia cria giro de 5 passos para a conduzida.', true, 'images/HF-PRC.jpg', 'published', 7, 'e05ec26e-b193-4ad6-a583-a68ff2cc96f4', 'b3176743-4839-4874-8bce-bd5c447b12f6', NULL, '2026-03-26 14:04:44', '2026-03-26 14:04:44');
INSERT INTO public.passos (id, code, name, note, wip, image_path, status, "position", category_id, section_id, subsection_id, inserted_at, updated_at) VALUES ('91709de8-2b9b-4864-88ee-4823d63c265c', 'HF-PBV', 'Paulista Variation Bate e Volta', 'Variação ''bate e volta'' — hit and come back.', true, 'images/HF-PBV.jpg', 'published', 8, 'e05ec26e-b193-4ad6-a583-a68ff2cc96f4', 'b3176743-4839-4874-8bce-bd5c447b12f6', NULL, '2026-03-26 14:04:44', '2026-03-26 14:04:44');
INSERT INTO public.passos (id, code, name, note, wip, image_path, status, "position", category_id, section_id, subsection_id, inserted_at, updated_at) VALUES ('457d8dbf-9a4c-43c8-af2f-6969c7961fa5', 'PMB', 'A partir do Pimba (via intenção de sacada)', NULL, false, NULL, 'published', 3, 'e05ec26e-b193-4ad6-a583-a68ff2cc96f4', 'b3176743-4839-4874-8bce-bd5c447b12f6', '8d341f68-862d-44d9-ad4a-5dd9e16ef731', '2026-03-26 14:04:44', '2026-03-26 14:04:44');
INSERT INTO public.passos (id, code, name, note, wip, image_path, status, "position", category_id, section_id, subsection_id, inserted_at, updated_at) VALUES ('7b23a6cb-28fd-463f-9968-6c06de728905', 'IV', 'Inversão base', 'Saídas: SC, CA, TR, GP, TRD e qualquer saída via intenção de sacada', false, NULL, 'published', 1, 'c04b0646-983b-4875-afe7-c4f9154f62b4', '3282c992-dba8-4911-962e-6d0fb4b64871', NULL, '2026-03-26 14:04:44', '2026-03-26 14:04:44');
INSERT INTO public.passos (id, code, name, note, wip, image_path, status, "position", category_id, section_id, subsection_id, inserted_at, updated_at) VALUES ('5795c1d5-2449-4555-a461-50f6dce6b8b6', 'IV-CT', 'Finta pós-inversão', 'Simula entrada em caminhada mas joga ela para pisar atrás, puxa de volta. Condução mais circular.', false, NULL, 'published', 2, 'c04b0646-983b-4875-afe7-c4f9154f62b4', '3282c992-dba8-4911-962e-6d0fb4b64871', NULL, '2026-03-26 14:04:44', '2026-03-26 14:04:44');
INSERT INTO public.passos (id, code, name, note, wip, image_path, status, "position", category_id, section_id, subsection_id, inserted_at, updated_at) VALUES ('a7a42ad9-f55e-4834-9e7f-04fac378312e', 'PU', 'Push n pull', NULL, false, NULL, 'published', 1, '10961377-b4f4-4bac-a1a2-0a7e493ada26', '3d8851f2-d0ca-4d61-b433-1fd6f98599a4', NULL, '2026-03-26 14:04:44', '2026-03-26 14:04:44');
INSERT INTO public.passos (id, code, name, note, wip, image_path, status, "position", category_id, section_id, subsection_id, inserted_at, updated_at) VALUES ('18853052-cf4d-4904-8266-176f4290726d', 'PU-V', 'Push n pull com final lateral em V', NULL, false, NULL, 'published', 2, '10961377-b4f4-4bac-a1a2-0a7e493ada26', '3d8851f2-d0ca-4d61-b433-1fd6f98599a4', NULL, '2026-03-26 14:04:44', '2026-03-26 14:04:44');
INSERT INTO public.passos (id, code, name, note, wip, image_path, status, "position", category_id, section_id, subsection_id, inserted_at, updated_at) VALUES ('4a268baf-9487-4a66-89a1-38a2afad3533', 'MC-TM', 'Troca de mão', NULL, false, NULL, 'published', 2, '10961377-b4f4-4bac-a1a2-0a7e493ada26', 'd9325b2a-59de-44a8-b07c-c1f7cf712627', NULL, '2026-03-26 14:04:44', '2026-03-26 14:04:44');
INSERT INTO public.passos (id, code, name, note, wip, image_path, status, "position", category_id, section_id, subsection_id, inserted_at, updated_at) VALUES ('a7f1466a-89b1-4cda-82dc-676e3928bb1e', 'PE-PD', 'Pescada com pé duplo', 'Variação de entrada', false, NULL, 'published', 3, '34031fa1-c807-476d-ac49-6ec8039aa5d3', '7f7e0626-bab2-49eb-837d-2944e16574e8', NULL, '2026-03-26 14:04:44', '2026-03-26 14:04:44');
INSERT INTO public.passos (id, code, name, note, wip, image_path, status, "position", category_id, section_id, subsection_id, inserted_at, updated_at) VALUES ('8158ee6e-6d1a-43df-8fd5-dfefa4492f82', 'GS-MC', 'Com mão nas costas', 'Saídas: MC', false, NULL, 'published', 7, 'e05ec26e-b193-4ad6-a583-a68ff2cc96f4', '28394cf8-8fa8-4520-bfc7-6fa69e8cb5f4', 'fd894700-c225-463c-a419-9064e94b2d65', '2026-03-26 14:04:44', '2026-03-26 14:04:44');
INSERT INTO public.passos (id, code, name, note, wip, image_path, status, "position", category_id, section_id, subsection_id, inserted_at, updated_at) VALUES ('5ecb31dd-b951-4f3a-a0bc-8e4be0fda5cf', 'GS-RCP', 'Rocambole por pescoço', 'Saída para paulista opcional', false, NULL, 'published', 8, 'e05ec26e-b193-4ad6-a583-a68ff2cc96f4', '28394cf8-8fa8-4520-bfc7-6fa69e8cb5f4', 'fd894700-c225-463c-a419-9064e94b2d65', '2026-03-26 14:04:44', '2026-03-26 14:04:44');
INSERT INTO public.passos (id, code, name, note, wip, image_path, status, "position", category_id, section_id, subsection_id, inserted_at, updated_at) VALUES ('d29d8b36-5645-4096-a5db-0cab4da12908', 'GM', 'Manivela (5 pisadas)', NULL, false, NULL, 'published', 1, 'e05ec26e-b193-4ad6-a583-a68ff2cc96f4', '28394cf8-8fa8-4520-bfc7-6fa69e8cb5f4', '48440fde-7740-4405-8d9d-5946fd6c8bb2', '2026-03-26 14:04:44', '2026-03-26 14:04:44');
INSERT INTO public.passos (id, code, name, note, wip, image_path, status, "position", category_id, section_id, subsection_id, inserted_at, updated_at) VALUES ('937f00ee-a4e2-44fe-8287-772521da6825', 'GN', 'Giro ninja (5 pisadas)', NULL, true, NULL, 'published', 2, 'e05ec26e-b193-4ad6-a583-a68ff2cc96f4', '28394cf8-8fa8-4520-bfc7-6fa69e8cb5f4', '48440fde-7740-4405-8d9d-5946fd6c8bb2', '2026-03-26 14:04:44', '2026-03-26 14:04:44');
INSERT INTO public.passos (id, code, name, note, wip, image_path, status, "position", category_id, section_id, subsection_id, inserted_at, updated_at) VALUES ('74c454df-c1aa-4fb7-b20e-44a8fa10c547', 'GPA', 'Panamericano (5 pisadas, braço esquerdo)', NULL, false, NULL, 'published', 3, 'e05ec26e-b193-4ad6-a583-a68ff2cc96f4', '28394cf8-8fa8-4520-bfc7-6fa69e8cb5f4', '48440fde-7740-4405-8d9d-5946fd6c8bb2', '2026-03-26 14:04:44', '2026-03-26 14:04:44');
INSERT INTO public.passos (id, code, name, note, wip, image_path, status, "position", category_id, section_id, subsection_id, inserted_at, updated_at) VALUES ('7912def2-3c3e-48dd-afc7-49b2b49ecef3', 'GCH', 'Giro chicote', NULL, false, NULL, 'published', 4, 'e05ec26e-b193-4ad6-a583-a68ff2cc96f4', '28394cf8-8fa8-4520-bfc7-6fa69e8cb5f4', '48440fde-7740-4405-8d9d-5946fd6c8bb2', '2026-03-26 14:04:44', '2026-03-26 14:04:44');
INSERT INTO public.passos (id, code, name, note, wip, image_path, status, "position", category_id, section_id, subsection_id, inserted_at, updated_at) VALUES ('7d0a2def-333d-4bad-ac76-54b786b73429', 'HF-MV7', 'Manivela Variation 7 Steps', 'Variação em 7 passos — para quem o giro de 5 ficou simples.', true, 'images/HF-MV7.jpg', 'published', 5, 'e05ec26e-b193-4ad6-a583-a68ff2cc96f4', '28394cf8-8fa8-4520-bfc7-6fa69e8cb5f4', '48440fde-7740-4405-8d9d-5946fd6c8bb2', '2026-03-26 14:04:44', '2026-03-26 14:04:44');
INSERT INTO public.passos (id, code, name, note, wip, image_path, status, "position", category_id, section_id, subsection_id, inserted_at, updated_at) VALUES ('cf2a1c7c-2d03-4df3-8121-012876edda12', 'HF-WO5', 'Wax On 5 Step Variant', 'Condutor pivota no pé esq. e pisa atrás após o primeiro giro. No passo 2 de 5, mão guia muda para palma direita aberta (''Wax On'').', true, 'images/HF-WO5.jpg', 'published', 6, 'e05ec26e-b193-4ad6-a583-a68ff2cc96f4', '28394cf8-8fa8-4520-bfc7-6fa69e8cb5f4', '48440fde-7740-4405-8d9d-5946fd6c8bb2', '2026-03-26 14:04:44', '2026-03-26 14:04:44');
INSERT INTO public.passos (id, code, name, note, wip, image_path, status, "position", category_id, section_id, subsection_id, inserted_at, updated_at) VALUES ('170dc520-d60c-4743-8e3e-7ac918ef64d2', 'HF-PT', 'Push Turn', 'Giro de empurrão com mudança de direção — condutor bloqueia no tempo 2, conduzida pivota no pé esq. no tempo 4 e retorna.', true, 'images/HF-PT.jpg', 'published', 1, 'e05ec26e-b193-4ad6-a583-a68ff2cc96f4', '28394cf8-8fa8-4520-bfc7-6fa69e8cb5f4', '4e58234a-b50d-4d7b-b5b0-439a82e6af00', '2026-03-26 14:04:44', '2026-03-26 14:04:44');
INSERT INTO public.passos (id, code, name, note, wip, image_path, status, "position", category_id, section_id, subsection_id, inserted_at, updated_at) VALUES ('61373477-634d-4362-bead-de644d3bbc8d', 'HF-TAS', 'Turn Away Spin Overhead', 'Logo após um giro: condutor gira no lugar e bloqueia com mão direita por cima. Conduzida gira por baixo do braço.', true, 'images/HF-TAS.jpg', 'published', 2, 'e05ec26e-b193-4ad6-a583-a68ff2cc96f4', '28394cf8-8fa8-4520-bfc7-6fa69e8cb5f4', '4e58234a-b50d-4d7b-b5b0-439a82e6af00', '2026-03-26 14:04:44', '2026-03-26 14:04:44');
INSERT INTO public.passos (id, code, name, note, wip, image_path, status, "position", category_id, section_id, subsection_id, inserted_at, updated_at) VALUES ('e68fc336-b577-4af6-a0c8-965ed517d829', 'HF-DHS', 'Double Hand Spin', 'Condutor segura as duas mãos durante o giro. Braços caem para os lados ao finalizar.', true, 'images/HF-DHS.jpg', 'published', 3, 'e05ec26e-b193-4ad6-a583-a68ff2cc96f4', '28394cf8-8fa8-4520-bfc7-6fa69e8cb5f4', '4e58234a-b50d-4d7b-b5b0-439a82e6af00', '2026-03-26 14:04:44', '2026-03-26 14:04:44');
INSERT INTO public.passos (id, code, name, note, wip, image_path, status, "position", category_id, section_id, subsection_id, inserted_at, updated_at) VALUES ('96417894-2673-4e2f-8544-11da22f4444f', 'HF-R2L', 'Right to Left Spin Continuation', 'Saída pós-giro pela mão direita: condutor pega a mão esq. e continua girando em sentido horário.', true, 'images/HF-R2L.jpg', 'published', 4, 'e05ec26e-b193-4ad6-a583-a68ff2cc96f4', '28394cf8-8fa8-4520-bfc7-6fa69e8cb5f4', '4e58234a-b50d-4d7b-b5b0-439a82e6af00', '2026-03-26 14:04:44', '2026-03-26 14:04:44');
INSERT INTO public.passos (id, code, name, note, wip, image_path, status, "position", category_id, section_id, subsection_id, inserted_at, updated_at) VALUES ('1435a9e0-1f2e-421c-b81c-527c3325a36f', 'HF-CPH', 'Continuation Spin Hand Drop', 'Variação do R2L: após a continuação do giro, a mão da conduzida cai.', true, 'images/HF-CPH.jpg', 'published', 5, 'e05ec26e-b193-4ad6-a583-a68ff2cc96f4', '28394cf8-8fa8-4520-bfc7-6fa69e8cb5f4', '4e58234a-b50d-4d7b-b5b0-439a82e6af00', '2026-03-26 14:04:44', '2026-03-26 14:04:44');
INSERT INTO public.passos (id, code, name, note, wip, image_path, status, "position", category_id, section_id, subsection_id, inserted_at, updated_at) VALUES ('d522cef2-0c1b-42a6-9e19-1baa201ad1fe', 'HF-HRB', 'High Right Block Spin', 'Após um bloqueio, condutor desce a mão direita pelo braço causando um giro.', true, 'images/HF-HRB.jpg', 'published', 6, 'e05ec26e-b193-4ad6-a583-a68ff2cc96f4', '28394cf8-8fa8-4520-bfc7-6fa69e8cb5f4', '4e58234a-b50d-4d7b-b5b0-439a82e6af00', '2026-03-26 14:04:44', '2026-03-26 14:04:44');
INSERT INTO public.passos (id, code, name, note, wip, image_path, status, "position", category_id, section_id, subsection_id, inserted_at, updated_at) VALUES ('a71d67bd-de01-458e-98bf-4ca81899074a', 'HF-A5T', 'Avião into 5 Step Turn', 'Avião seguido de giro de 5 passos. Enganosamente complicado.', true, 'images/HF-A5T.jpg', 'published', 7, 'e05ec26e-b193-4ad6-a583-a68ff2cc96f4', '28394cf8-8fa8-4520-bfc7-6fa69e8cb5f4', '4e58234a-b50d-4d7b-b5b0-439a82e6af00', '2026-03-26 14:04:44', '2026-03-26 14:04:44');
INSERT INTO public.passos (id, code, name, note, wip, image_path, status, "position", category_id, section_id, subsection_id, inserted_at, updated_at) VALUES ('fe97fc49-d3e2-41e7-a3cd-b47e75d5dd2f', 'HF-TAV', 'Turning Avião', 'Avião com rotação — muita coisa acontecendo ao mesmo tempo.', true, 'images/HF-TAV.jpg', 'published', 8, 'e05ec26e-b193-4ad6-a583-a68ff2cc96f4', '28394cf8-8fa8-4520-bfc7-6fa69e8cb5f4', '4e58234a-b50d-4d7b-b5b0-439a82e6af00', '2026-03-26 14:04:44', '2026-03-26 14:04:44');
INSERT INTO public.passos (id, code, name, note, wip, image_path, status, "position", category_id, section_id, subsection_id, inserted_at, updated_at) VALUES ('f4961650-7d25-4bec-8b30-dacd1ab21bf7', 'HF-SPB', 'The Spin Block', 'Bloqueio combinado com giro — considerado essencial no vocabulário de footwork.', true, 'images/HF-SPB.jpg', 'published', 9, 'e05ec26e-b193-4ad6-a583-a68ff2cc96f4', '28394cf8-8fa8-4520-bfc7-6fa69e8cb5f4', '4e58234a-b50d-4d7b-b5b0-439a82e6af00', '2026-03-26 14:04:44', '2026-03-26 14:04:44');
INSERT INTO public.passos (id, code, name, note, wip, image_path, status, "position", category_id, section_id, subsection_id, inserted_at, updated_at) VALUES ('e38c5b04-2026-4396-90fb-59c2f003f077', 'MC-FP', 'Floreio pezinho com toque no outro lado', NULL, false, NULL, 'published', 1, '10961377-b4f4-4bac-a1a2-0a7e493ada26', 'd9325b2a-59de-44a8-b07c-c1f7cf712627', NULL, '2026-03-26 14:04:44', '2026-03-26 14:04:44');
INSERT INTO public.passos (id, code, name, note, wip, image_path, status, "position", category_id, section_id, subsection_id, inserted_at, updated_at) VALUES ('03852cdb-ab7c-4d0e-8233-c4d6614f72ae', 'ARD', 'Arraste direita', NULL, false, NULL, 'published', 1, '10961377-b4f4-4bac-a1a2-0a7e493ada26', '3cd8906c-7cc1-485d-b898-daad533309cb', NULL, '2026-03-26 14:04:44', '2026-03-26 14:04:44');
INSERT INTO public.passos (id, code, name, note, wip, image_path, status, "position", category_id, section_id, subsection_id, inserted_at, updated_at) VALUES ('3deb6f90-749c-4c58-ae73-0d3c4c10250b', 'ARE', 'Arraste esquerda', NULL, false, NULL, 'published', 3, '10961377-b4f4-4bac-a1a2-0a7e493ada26', '3cd8906c-7cc1-485d-b898-daad533309cb', NULL, '2026-03-26 14:04:44', '2026-03-26 14:04:44');
INSERT INTO public.passos (id, code, name, note, wip, image_path, status, "position", category_id, section_id, subsection_id, inserted_at, updated_at) VALUES ('048c8427-e1f8-497b-a0fe-220c13f2416b', 'AB-VR', 'Volta romântica (todos ângulos)', NULL, false, NULL, 'published', 2, '10961377-b4f4-4bac-a1a2-0a7e493ada26', 'e67a9293-51ce-4a8d-b34b-26c5e55bb5c6', NULL, '2026-03-26 14:04:44', '2026-03-26 14:04:44');
INSERT INTO public.passos (id, code, name, note, wip, image_path, status, "position", category_id, section_id, subsection_id, inserted_at, updated_at) VALUES ('b14f613c-2572-4ffa-ba96-e269f3acf1d3', 'AB-RQ', 'Rebolada de quadril com ela à direita', NULL, false, NULL, 'published', 3, '10961377-b4f4-4bac-a1a2-0a7e493ada26', 'e67a9293-51ce-4a8d-b34b-26c5e55bb5c6', NULL, '2026-03-26 14:04:44', '2026-03-26 14:04:44');
INSERT INTO public.passos (id, code, name, note, wip, image_path, status, "position", category_id, section_id, subsection_id, inserted_at, updated_at) VALUES ('59cd3862-73c4-4372-b00f-09d7cca68f76', 'AB-TD', 'Troca de pé em tempo duplo', NULL, false, NULL, 'published', 4, '10961377-b4f4-4bac-a1a2-0a7e493ada26', 'e67a9293-51ce-4a8d-b34b-26c5e55bb5c6', NULL, '2026-03-26 14:04:44', '2026-03-26 14:04:44');
INSERT INTO public.passos (id, code, name, note, wip, image_path, status, "position", category_id, section_id, subsection_id, inserted_at, updated_at) VALUES ('08acab91-bba0-4ce9-8d24-d20e0e041c45', 'CD-D', 'Cadena perna direita', NULL, false, NULL, 'published', 1, '10961377-b4f4-4bac-a1a2-0a7e493ada26', 'e15561c6-f07c-4996-9a87-f525f7c66281', NULL, '2026-03-26 14:04:44', '2026-03-26 14:04:44');
INSERT INTO public.passos (id, code, name, note, wip, image_path, status, "position", category_id, section_id, subsection_id, inserted_at, updated_at) VALUES ('a5d31b74-4384-489b-b848-efb60040f59e', 'CD-E', 'Cadena perna esquerda', NULL, false, NULL, 'published', 2, '10961377-b4f4-4bac-a1a2-0a7e493ada26', 'e15561c6-f07c-4996-9a87-f525f7c66281', NULL, '2026-03-26 14:04:44', '2026-03-26 14:04:44');
INSERT INTO public.passos (id, code, name, note, wip, image_path, status, "position", category_id, section_id, subsection_id, inserted_at, updated_at) VALUES ('10d93a0f-1a8a-47e6-bd16-35d7cbec81a4', 'CHQ', 'Chique-chique', NULL, false, NULL, 'published', 1, '10961377-b4f4-4bac-a1a2-0a7e493ada26', '88999d5d-e995-4c8d-a911-a04d1e9437b2', NULL, '2026-03-26 14:04:44', '2026-03-26 14:04:44');
INSERT INTO public.passos (id, code, name, note, wip, image_path, status, "position", category_id, section_id, subsection_id, inserted_at, updated_at) VALUES ('634b2246-db8a-401a-8fc0-61700e996272', 'TRD', 'Trocadilho', 'Saída pós intenção de sacada. Condutor cruza perna direita por trás, conduzida cruza direita pela frente. Entradas: SC, PMB, TR-ARM, CA-CT, IV-CT. Saídas: BF, CA, PI', false, NULL, 'published', 4, '10961377-b4f4-4bac-a1a2-0a7e493ada26', '88999d5d-e995-4c8d-a911-a04d1e9437b2', NULL, '2026-03-26 14:04:44', '2026-03-26 14:04:44');
INSERT INTO public.passos (id, code, name, note, wip, image_path, status, "position", category_id, section_id, subsection_id, inserted_at, updated_at) VALUES ('bcec880c-c53c-4bb2-96cf-c5b50c1db940', 'HF-EN', 'Vem Neném', 'Mudança de peso em 6 dos 7 passos — a troca no tempo ''morto'' é contra-intuitiva mas recompensadora.', true, 'images/HF-EN.jpg', 'published', 1, '95682503-9618-4ce6-b355-3dd9895f0ebc', '32a63ce8-b06f-4da9-9165-32eacd13f9af', NULL, '2026-03-26 14:04:44', '2026-03-26 14:04:44');
INSERT INTO public.passos (id, code, name, note, wip, image_path, status, "position", category_id, section_id, subsection_id, inserted_at, updated_at) VALUES ('7f4226f6-41d8-4d01-aea0-28ff510b959a', 'HF-YNK', 'Yoink', 'O condutor ''rouba'' o pé da conduzida quando o peso dela está no pé de trás.', true, 'images/HF-YNK.jpg', 'published', 2, '95682503-9618-4ce6-b355-3dd9895f0ebc', '32a63ce8-b06f-4da9-9165-32eacd13f9af', NULL, '2026-03-26 14:04:44', '2026-03-26 14:04:44');
INSERT INTO public.passos (id, code, name, note, wip, image_path, status, "position", category_id, section_id, subsection_id, inserted_at, updated_at) VALUES ('9896d133-2e2d-416f-be59-8542176a487e', 'HF-DD', 'Double Duckerfly', 'Raro e chamativo. Risco de cotovelos no rosto. Exige prática cuidadosa. Duck + butterfly.', true, 'images/HF-DD.jpg', 'published', 3, '95682503-9618-4ce6-b355-3dd9895f0ebc', '32a63ce8-b06f-4da9-9165-32eacd13f9af', NULL, '2026-03-26 14:04:44', '2026-03-26 14:04:44');
INSERT INTO public.passos (id, code, name, note, wip, image_path, status, "position", category_id, section_id, subsection_id, inserted_at, updated_at) VALUES ('ed4c3149-c806-4383-b917-ea6b78776d4e', 'HF-PS', 'Pequeno Salto', 'Condutor faz um pequeno salto enquanto a conduzida recebe sensação de giro contínuo. Variação de musicalidade.', true, 'images/HF-PS.jpg', 'published', 4, '95682503-9618-4ce6-b355-3dd9895f0ebc', '32a63ce8-b06f-4da9-9165-32eacd13f9af', NULL, '2026-03-26 14:04:44', '2026-03-26 14:04:44');
INSERT INTO public.passos (id, code, name, note, wip, image_path, status, "position", category_id, section_id, subsection_id, inserted_at, updated_at) VALUES ('2c435fbb-f339-491f-bdd2-a22378e06f62', 'HF-CWB', 'Cowboy Sequence', 'Chicote + laço com spanish exit entre eles. O chicote é o GCH já catalogado.', true, 'images/HF-CWB.jpg', 'published', 5, '95682503-9618-4ce6-b355-3dd9895f0ebc', '32a63ce8-b06f-4da9-9165-32eacd13f9af', NULL, '2026-03-26 14:04:44', '2026-03-26 14:04:44');
INSERT INTO public.passos (id, code, name, note, wip, image_path, status, "position", category_id, section_id, subsection_id, inserted_at, updated_at) VALUES ('54b49cb2-f6aa-451b-a818-a8ee7a621f1d', 'HF-LF', 'Leader Faint', 'Deco do condutor: entrada como giro simples, mas condutor desliza a mão direita pelas costas até encontrar a mão dela do outro lado.', true, 'images/HF-LF.jpg', 'published', 6, '95682503-9618-4ce6-b355-3dd9895f0ebc', '32a63ce8-b06f-4da9-9165-32eacd13f9af', NULL, '2026-03-26 14:04:44', '2026-03-26 14:04:44');
INSERT INTO public.passos (id, code, name, note, wip, image_path, status, "position", category_id, section_id, subsection_id, inserted_at, updated_at) VALUES ('7133e5fd-a283-4356-853e-8ca16a53b328', 'HF-TDC', 'Trocadilho do Condutor', '8 tempos. Condutor pausa parte inferior nos tempos 1-2-3 mas guia com o braço. A conduzida lê a abertura do tronco e pisa para a esquerda.', true, 'images/HF-TDC.jpg', 'published', 7, '95682503-9618-4ce6-b355-3dd9895f0ebc', '32a63ce8-b06f-4da9-9165-32eacd13f9af', NULL, '2026-03-26 14:04:44', '2026-03-26 14:04:44');
INSERT INTO public.passos (id, code, name, note, wip, image_path, status, "position", category_id, section_id, subsection_id, inserted_at, updated_at) VALUES ('845b3575-453f-41d2-bea1-26ec023a14d1', 'HF-AFI', 'Active Follower Intercept', 'A conduzida interrompe ativamente a sugestão do condutor — following ativo.', true, 'images/HF-AFI.jpg', 'published', 8, '95682503-9618-4ce6-b355-3dd9895f0ebc', '32a63ce8-b06f-4da9-9165-32eacd13f9af', NULL, '2026-03-26 14:04:44', '2026-03-26 14:04:44');
INSERT INTO public.passos (id, code, name, note, wip, image_path, status, "position", category_id, section_id, subsection_id, inserted_at, updated_at) VALUES ('ae0e589f-756e-4df7-bc28-219b4828b52d', 'HF-AWK', 'Armwork for Followers and Leaders', 'Trabalho de braços para conduzidas e condutores. Baseado em masterclass. Não é um passo específico.', true, 'images/HF-AWK.jpg', 'published', 9, '95682503-9618-4ce6-b355-3dd9895f0ebc', '32a63ce8-b06f-4da9-9165-32eacd13f9af', NULL, '2026-03-26 14:04:44', '2026-03-26 14:04:44');
INSERT INTO public.passos (id, code, name, note, wip, image_path, status, "position", category_id, section_id, subsection_id, inserted_at, updated_at) VALUES ('8fe447bb-b58a-4ea4-bdd1-2c2cc1b66651', '-FE', 'Saída fechada', NULL, false, NULL, 'published', 2, 'faead397-31ff-424b-bde0-1ffaf538a8e5', '992e10e4-529d-4ca0-868d-f98ee92ebd33', '83618628-a4e2-4cf7-a5be-9baac7b6b77e', '2026-03-26 14:04:44', '2026-03-26 14:04:44');
INSERT INTO public.passos (id, code, name, note, wip, image_path, status, "position", category_id, section_id, subsection_id, inserted_at, updated_at) VALUES ('5a682eba-bd27-400d-b283-de68737cf88b', 'GP', 'Giro paulista', 'Entradas: DA-R, PI (ímpar), PMB, TR-ARM, AB-GP-D, intenção de sacada. Saídas: qualquer base, PI, CA', false, NULL, 'published', 1, 'e05ec26e-b193-4ad6-a583-a68ff2cc96f4', 'b3176743-4839-4874-8bce-bd5c447b12f6', NULL, '2026-03-26 14:04:44', '2026-03-26 14:04:44');
INSERT INTO public.passos (id, code, name, note, wip, image_path, status, "position", category_id, section_id, subsection_id, inserted_at, updated_at) VALUES ('31eb4ec1-b14c-4a1c-b9be-223b62a62bb3', 'BA', 'Balanço', 'Balanço lateral a partir da base frontal. Gera intenção para sacada de esquerda e para arrastes. Momento de suspensão antes da decisão do movimento seguinte.', false, NULL, 'published', 999, '0bf71140-428a-42c3-960e-d80aa03b181b', '42005123-929a-4e0d-aedf-a68e43deef5d', NULL, '2026-04-13 13:18:05', '2026-04-13 13:18:05');
INSERT INTO public.passos (id, code, name, note, wip, image_path, status, "position", category_id, section_id, subsection_id, inserted_at, updated_at) VALUES ('95357a3a-f0f1-4a8a-9c9e-ab9bb24de39e', 'GPC', 'Giro paulista de costas', 'Paulista executado com os parceiros de costas um para o outro. Exige mais intensidade na condução. Pode ser feito com qualquer mão (esquerda, direita) ou com as duas mãos simultaneamente — neste caso, as mãos geram intensidade para o centro e soltam como um X, criando a rotação. Entrada: GS.', false, NULL, 'published', 999, 'e05ec26e-b193-4ad6-a583-a68ff2cc96f4', 'b3176743-4839-4874-8bce-bd5c447b12f6', NULL, '2026-04-13 13:18:05', '2026-04-13 13:18:05');
INSERT INTO public.passos (id, code, name, note, wip, image_path, status, "position", category_id, section_id, subsection_id, inserted_at, updated_at) VALUES ('029720aa-a536-432a-909a-bdf9f77dc791', 'SCSP-DA', 'Sacada sem peso na dança aberta', 'Versão aberta da sacada sem peso. Executada em DA-R, retorna à DA-R.', false, NULL, 'published', 999, '5d4ea666-5c49-4c18-ba38-f342b73fa06b', 'ee826713-b055-4e37-a383-6eb9fb633010', NULL, '2026-04-13 13:18:05', '2026-04-13 13:18:05');
INSERT INTO public.passos (id, code, name, note, wip, image_path, status, "position", category_id, section_id, subsection_id, inserted_at, updated_at) VALUES ('51cb6354-edc6-403e-8c57-11c4fda60e84', 'TR-DA', 'Trava na dança aberta', 'Versão aberta da trava. Executada em DA-R, retorna à DA-R.', false, NULL, 'published', 999, 'a4c5f003-8785-43bf-988f-a4268c7f80a7', '8a96eda9-2463-432b-839e-4cbb90c7840f', NULL, '2026-04-13 13:18:05', '2026-04-13 13:18:05');
INSERT INTO public.passos (id, code, name, note, wip, image_path, status, "position", category_id, section_id, subsection_id, inserted_at, updated_at) VALUES ('cb037b97-6f43-459e-a4cd-4bc95ea4d402', 'CA-E-DA', 'Caminhada esquerda na dança aberta', 'Versão aberta da caminhada esquerda. Executada em DA-R, retorna à DA-R.', false, NULL, 'published', 999, 'ea1e26df-e3ef-41d1-a144-cca79a3ca5ec', 'd5829130-0198-4d6d-81f2-d6a37ba1d4bd', NULL, '2026-04-13 13:18:05', '2026-04-13 13:18:05');
INSERT INTO public.passos (id, code, name, note, wip, image_path, status, "position", category_id, section_id, subsection_id, inserted_at, updated_at) VALUES ('f104a785-f86e-4d16-b9f3-8a85b595f282', 'DA-R', 'Dança aberta roots', 'Base própria: condutor avança pé esquerdo à frente (em vez de recuar). Saídas: CA-E-DA, TR-DA, SCSP-DA. Footwork em dança aberta ainda em catalogação (ver passos HF-*).', false, NULL, 'published', 1, '10961377-b4f4-4bac-a1a2-0a7e493ada26', 'cf0aca52-6373-478f-b143-6696a4b3520b', 'c02db39a-b680-46bc-9d8f-59291d3091b1', '2026-03-26 14:04:44', '2026-04-13 13:18:05');


--
-- Data for Name: conceitos_passos; Type: TABLE DATA; Schema: public; Owner: forrozin
--



--
-- Data for Name: conexoes_passos; Type: TABLE DATA; Schema: public; Owner: forrozin
--

INSERT INTO public.conexoes_passos (id, type, source_step_id, target_step_id, inserted_at, updated_at, label, description) VALUES ('40d971a2-c2b6-40d3-b819-d348658d19ca', 'exit', 'f104a785-f86e-4d16-b9f3-8a85b595f282', '66e8a7df-3736-420d-b192-ebb378ea541f', '2026-04-11 14:23:18', '2026-04-11 14:23:18', NULL, NULL);
INSERT INTO public.conexoes_passos (id, type, source_step_id, target_step_id, inserted_at, updated_at, label, description) VALUES ('d3316ff1-92f4-408d-80fe-9d6694ce5456', 'exit', 'b2c2b438-2fde-4193-8124-cecbb99dcab0', '131295a4-cf9f-4343-b832-b4574460e0f3', '2026-04-11 14:33:35', '2026-04-11 14:33:35', NULL, NULL);
INSERT INTO public.conexoes_passos (id, type, source_step_id, target_step_id, inserted_at, updated_at, label, description) VALUES ('930b288d-07c0-4d98-8bd8-59616f49ed45', 'exit', 'b2c2b438-2fde-4193-8124-cecbb99dcab0', '74c454df-c1aa-4fb7-b20e-44a8fa10c547', '2026-04-11 14:33:35', '2026-04-11 14:33:35', NULL, NULL);
INSERT INTO public.conexoes_passos (id, type, source_step_id, target_step_id, inserted_at, updated_at, label, description) VALUES ('39c761a7-240f-4676-8e70-70791d63de62', 'exit', 'b2c2b438-2fde-4193-8124-cecbb99dcab0', '78d223d2-9e71-489a-a770-648ff60c00eb', '2026-04-11 14:33:35', '2026-04-11 14:33:35', NULL, NULL);
INSERT INTO public.conexoes_passos (id, type, source_step_id, target_step_id, inserted_at, updated_at, label, description) VALUES ('a006a062-5e45-451c-a4e5-4f2596b03769', 'exit', 'b2c2b438-2fde-4193-8124-cecbb99dcab0', 'd29d8b36-5645-4096-a5db-0cab4da12908', '2026-04-11 14:33:35', '2026-04-11 14:33:35', NULL, NULL);
INSERT INTO public.conexoes_passos (id, type, source_step_id, target_step_id, inserted_at, updated_at, label, description) VALUES ('31310b7b-e8e8-4063-ab52-af0fce446c16', 'exit', 'b2c2b438-2fde-4193-8124-cecbb99dcab0', 'f104a785-f86e-4d16-b9f3-8a85b595f282', '2026-04-11 14:33:35', '2026-04-11 14:33:35', NULL, NULL);
INSERT INTO public.conexoes_passos (id, type, source_step_id, target_step_id, inserted_at, updated_at, label, description) VALUES ('345b541a-5607-4868-8742-6e0ec6201983', 'exit', 'c377c29d-abdf-4f31-be67-9ca28dc5495f', '25e48e38-900f-47f6-a948-397b1f0ade41', '2026-04-11 14:36:04', '2026-04-11 14:36:04', NULL, NULL);
INSERT INTO public.conexoes_passos (id, type, source_step_id, target_step_id, inserted_at, updated_at, label, description) VALUES ('82df5ef1-1bb2-4431-af1e-ee6f190580cf', 'exit', 'c377c29d-abdf-4f31-be67-9ca28dc5495f', '4a6e98d9-a96a-45cb-ac87-106c10bdeac2', '2026-04-11 14:36:04', '2026-04-11 14:36:04', NULL, NULL);
INSERT INTO public.conexoes_passos (id, type, source_step_id, target_step_id, inserted_at, updated_at, label, description) VALUES ('cc6cab15-38fe-406b-b3b5-4069d74c107a', 'exit', 'c377c29d-abdf-4f31-be67-9ca28dc5495f', '9099bab4-e18d-4526-bb13-5fc3f822820b', '2026-04-11 14:36:04', '2026-04-11 14:36:04', NULL, NULL);
INSERT INTO public.conexoes_passos (id, type, source_step_id, target_step_id, inserted_at, updated_at, label, description) VALUES ('bfa0f2d8-d95e-4451-8778-be4ee3c189fb', 'exit', 'c377c29d-abdf-4f31-be67-9ca28dc5495f', '92e9462a-a88d-4731-869d-659c43bc5235', '2026-04-11 14:36:04', '2026-04-11 14:36:04', NULL, NULL);
INSERT INTO public.conexoes_passos (id, type, source_step_id, target_step_id, inserted_at, updated_at, label, description) VALUES ('32f36353-fad2-4ddc-82ab-372e0b837fe1', 'exit', 'c377c29d-abdf-4f31-be67-9ca28dc5495f', 'b18c4d71-456d-4081-bea6-30c223d71e9b', '2026-04-11 14:36:04', '2026-04-11 14:36:04', NULL, NULL);
INSERT INTO public.conexoes_passos (id, type, source_step_id, target_step_id, inserted_at, updated_at, label, description) VALUES ('edee6c79-4653-4b9c-919b-f91bbf83c9d6', 'exit', 'c377c29d-abdf-4f31-be67-9ca28dc5495f', 'ff137ebe-791f-4bb0-b7ba-3f1cff8e3614', '2026-04-11 14:36:04', '2026-04-11 14:36:04', NULL, NULL);
INSERT INTO public.conexoes_passos (id, type, source_step_id, target_step_id, inserted_at, updated_at, label, description) VALUES ('3b476d98-3e8d-483b-8ba9-ea444bebd355', 'exit', '66e8a7df-3736-420d-b192-ebb378ea541f', '5ea9edb3-b4fc-4527-9db6-0cc939bdb91e', '2026-04-11 14:37:48', '2026-04-11 14:37:48', NULL, NULL);
INSERT INTO public.conexoes_passos (id, type, source_step_id, target_step_id, inserted_at, updated_at, label, description) VALUES ('eccdf097-5287-454c-88e2-fc5206624cbb', 'exit', '66e8a7df-3736-420d-b192-ebb378ea541f', '9f44ddc9-c072-4a6c-87f6-a2148141674b', '2026-04-11 14:37:48', '2026-04-11 14:37:48', NULL, NULL);
INSERT INTO public.conexoes_passos (id, type, source_step_id, target_step_id, inserted_at, updated_at, label, description) VALUES ('193cc1c4-3fe4-41fa-8c9e-5d08cb570436', 'exit', 'ca04fc68-824d-4ef4-be57-34e4755afca0', '4edb31c2-305a-466f-b5c6-43117b7dd733', '2026-04-11 14:37:48', '2026-04-11 14:37:48', NULL, NULL);
INSERT INTO public.conexoes_passos (id, type, source_step_id, target_step_id, inserted_at, updated_at, label, description) VALUES ('3a816781-73df-4a5f-a12c-99ea400c934b', 'exit', 'ca04fc68-824d-4ef4-be57-34e4755afca0', '5ea9edb3-b4fc-4527-9db6-0cc939bdb91e', '2026-04-11 14:37:48', '2026-04-11 14:37:48', NULL, NULL);
INSERT INTO public.conexoes_passos (id, type, source_step_id, target_step_id, inserted_at, updated_at, label, description) VALUES ('b064d655-493d-400e-9575-32011a1247c3', 'exit', 'ca04fc68-824d-4ef4-be57-34e4755afca0', '9f44ddc9-c072-4a6c-87f6-a2148141674b', '2026-04-11 14:37:48', '2026-04-11 14:37:48', NULL, NULL);
INSERT INTO public.conexoes_passos (id, type, source_step_id, target_step_id, inserted_at, updated_at, label, description) VALUES ('0f365b38-4425-4a5a-b897-40a80864d8b9', 'exit', 'fa03b6b6-7540-4909-8ae7-b59bca199917', '131295a4-cf9f-4343-b832-b4574460e0f3', '2026-04-11 16:55:17', '2026-04-11 16:55:17', NULL, NULL);
INSERT INTO public.conexoes_passos (id, type, source_step_id, target_step_id, inserted_at, updated_at, label, description) VALUES ('351b9b57-baa7-49e5-90f3-18f2648a3c1b', 'exit', 'fa03b6b6-7540-4909-8ae7-b59bca199917', '5a682eba-bd27-400d-b283-de68737cf88b', '2026-04-11 16:55:17', '2026-04-11 16:55:17', NULL, NULL);
INSERT INTO public.conexoes_passos (id, type, source_step_id, target_step_id, inserted_at, updated_at, label, description) VALUES ('c65c0b9f-938d-42b1-be77-f65a9c4ea882', 'exit', 'c377c29d-abdf-4f31-be67-9ca28dc5495f', '634b2246-db8a-401a-8fc0-61700e996272', '2026-04-11 14:23:18', '2026-04-13 13:18:05', NULL, NULL);
INSERT INTO public.conexoes_passos (id, type, source_step_id, target_step_id, inserted_at, updated_at, label, description) VALUES ('acd2e63e-0c10-49f2-a999-d5f6ffa621db', 'exit', 'c377c29d-abdf-4f31-be67-9ca28dc5495f', '9a0fdcd3-adcc-4449-8b99-8eacf7a44330', '2026-04-11 14:23:18', '2026-04-13 13:18:05', NULL, NULL);
INSERT INTO public.conexoes_passos (id, type, source_step_id, target_step_id, inserted_at, updated_at, label, description) VALUES ('8388fd21-58ff-4726-bd4e-15124a99ad5e', 'exit', 'c377c29d-abdf-4f31-be67-9ca28dc5495f', '9f44ddc9-c072-4a6c-87f6-a2148141674b', '2026-04-11 14:23:18', '2026-04-13 13:18:05', NULL, NULL);
INSERT INTO public.conexoes_passos (id, type, source_step_id, target_step_id, inserted_at, updated_at, label, description) VALUES ('3c22e77b-e94a-4a6e-b0fb-c5ee11a4becd', 'exit', 'c377c29d-abdf-4f31-be67-9ca28dc5495f', 'e7821fd3-9d20-409f-9714-5a3d954744ed', '2026-04-11 14:23:18', '2026-04-13 13:18:05', NULL, NULL);
INSERT INTO public.conexoes_passos (id, type, source_step_id, target_step_id, inserted_at, updated_at, label, description) VALUES ('98deebdb-dd9b-4d7b-ac16-0e8e41804b58', 'exit', '1031de73-5caa-416f-b6bf-a6eab52ff44e', '5a682eba-bd27-400d-b283-de68737cf88b', '2026-04-11 14:23:18', '2026-04-13 13:18:05', NULL, NULL);
INSERT INTO public.conexoes_passos (id, type, source_step_id, target_step_id, inserted_at, updated_at, label, description) VALUES ('0ed15b31-bdee-449a-9e0f-285113f01f14', 'exit', 'f104a785-f86e-4d16-b9f3-8a85b595f282', 'a3050dac-64de-4eb8-b107-a0421045c63a', '2026-04-11 14:23:18', '2026-04-13 13:18:05', NULL, NULL);
INSERT INTO public.conexoes_passos (id, type, source_step_id, target_step_id, inserted_at, updated_at, label, description) VALUES ('0ae3f9b5-2963-47c6-b0b3-67839596e600', 'exit', 'f104a785-f86e-4d16-b9f3-8a85b595f282', 'ff137ebe-791f-4bb0-b7ba-3f1cff8e3614', '2026-04-11 14:23:18', '2026-04-13 13:18:05', NULL, NULL);
INSERT INTO public.conexoes_passos (id, type, source_step_id, target_step_id, inserted_at, updated_at, label, description) VALUES ('47c81bb1-00be-4700-a5b8-81220cb7735a', 'exit', 'ca04fc68-824d-4ef4-be57-34e4755afca0', '5a682eba-bd27-400d-b283-de68737cf88b', '2026-04-11 14:23:18', '2026-04-13 13:18:05', NULL, NULL);
INSERT INTO public.conexoes_passos (id, type, source_step_id, target_step_id, inserted_at, updated_at, label, description) VALUES ('6b5475dc-3371-4931-a8c4-dba39b79171c', 'exit', 'ca04fc68-824d-4ef4-be57-34e4755afca0', '634b2246-db8a-401a-8fc0-61700e996272', '2026-04-11 14:23:18', '2026-04-13 13:18:05', NULL, NULL);
INSERT INTO public.conexoes_passos (id, type, source_step_id, target_step_id, inserted_at, updated_at, label, description) VALUES ('b87c4226-d80a-4e10-80ac-e3e15fa95fa7', 'exit', '9a0fdcd3-adcc-4449-8b99-8eacf7a44330', 'e7821fd3-9d20-409f-9714-5a3d954744ed', '2026-04-11 14:23:18', '2026-04-13 13:18:05', NULL, NULL);
INSERT INTO public.conexoes_passos (id, type, source_step_id, target_step_id, inserted_at, updated_at, label, description) VALUES ('a95a4344-e44a-4c76-95db-fd83c1b5a60b', 'exit', '9a0fdcd3-adcc-4449-8b99-8eacf7a44330', '131295a4-cf9f-4343-b832-b4574460e0f3', '2026-04-11 14:23:18', '2026-04-13 13:18:05', NULL, NULL);
INSERT INTO public.conexoes_passos (id, type, source_step_id, target_step_id, inserted_at, updated_at, label, description) VALUES ('0fe56be5-0780-419a-b8d1-df710bbc682b', 'exit', '9a0fdcd3-adcc-4449-8b99-8eacf7a44330', '14ad8c1c-edd4-4392-a4bf-9b6e60676179', '2026-04-11 14:23:18', '2026-04-13 13:18:05', NULL, NULL);
INSERT INTO public.conexoes_passos (id, type, source_step_id, target_step_id, inserted_at, updated_at, label, description) VALUES ('a0f0e908-9f38-4644-8196-b8d04af86006', 'exit', 'f104a785-f86e-4d16-b9f3-8a85b595f282', '9f44ddc9-c072-4a6c-87f6-a2148141674b', '2026-04-11 14:23:18', '2026-04-13 13:18:05', NULL, NULL);
INSERT INTO public.conexoes_passos (id, type, source_step_id, target_step_id, inserted_at, updated_at, label, description) VALUES ('6cf7bd50-799b-478f-be52-e535a4503fb1', 'exit', '9f44ddc9-c072-4a6c-87f6-a2148141674b', '9a0fdcd3-adcc-4449-8b99-8eacf7a44330', '2026-04-11 14:23:18', '2026-04-13 13:18:05', NULL, NULL);
INSERT INTO public.conexoes_passos (id, type, source_step_id, target_step_id, inserted_at, updated_at, label, description) VALUES ('459a3b11-c443-4818-a9f1-ad4d8dc66e56', 'exit', 'c377c29d-abdf-4f31-be67-9ca28dc5495f', '5a682eba-bd27-400d-b283-de68737cf88b', '2026-04-11 14:23:18', '2026-04-13 16:38:05', NULL, 'Sacada completa conduzindo ao paulista — distinto da intenção de sacada.');
INSERT INTO public.conexoes_passos (id, type, source_step_id, target_step_id, inserted_at, updated_at, label, description) VALUES ('b9c17b8d-dd7a-4767-b32a-143e53513d5e', 'exit', 'dd56195b-b4d8-487c-9c26-67850da09c30', '14ad8c1c-edd4-4392-a4bf-9b6e60676179', '2026-04-13 16:45:00', '2026-04-13 16:45:49', 'saída fechada', NULL);
INSERT INTO public.conexoes_passos (id, type, source_step_id, target_step_id, inserted_at, updated_at, label, description) VALUES ('8dd079e2-883c-4ea8-ae02-24cf2e17a402', 'exit', '14ad8c1c-edd4-4392-a4bf-9b6e60676179', '08acab91-bba0-4ce9-8d24-d20e0e041c45', '2026-04-13 16:52:42', '2026-04-13 16:52:42', NULL, NULL);
INSERT INTO public.conexoes_passos (id, type, source_step_id, target_step_id, inserted_at, updated_at, label, description) VALUES ('63387b65-3dd2-4bec-85be-8c7f3f7568b6', 'exit', '14ad8c1c-edd4-4392-a4bf-9b6e60676179', '803f2948-4b44-4853-8422-c03cd2483dc4', '2026-04-13 16:52:42', '2026-04-13 16:52:42', NULL, NULL);
INSERT INTO public.conexoes_passos (id, type, source_step_id, target_step_id, inserted_at, updated_at, label, description) VALUES ('afc8b72a-6b84-4b4a-904e-467b8b9c9c20', 'exit', 'e7821fd3-9d20-409f-9714-5a3d954744ed', '14ad8c1c-edd4-4392-a4bf-9b6e60676179', '2026-04-13 16:45:00', '2026-04-13 16:45:00', NULL, NULL);
INSERT INTO public.conexoes_passos (id, type, source_step_id, target_step_id, inserted_at, updated_at, label, description) VALUES ('290495fe-903f-492d-83a7-454ad7df59e0', 'exit', '14ad8c1c-edd4-4392-a4bf-9b6e60676179', '1031de73-5caa-416f-b6bf-a6eab52ff44e', '2026-04-13 16:52:42', '2026-04-13 16:52:42', NULL, NULL);
INSERT INTO public.conexoes_passos (id, type, source_step_id, target_step_id, inserted_at, updated_at, label, description) VALUES ('01a8eb55-719e-4862-9eac-1635fc1b2efb', 'exit', '14ad8c1c-edd4-4392-a4bf-9b6e60676179', '9db343a2-8f8f-484f-b169-e7cd50a0eac2', '2026-04-13 16:52:42', '2026-04-13 16:52:42', NULL, NULL);
INSERT INTO public.conexoes_passos (id, type, source_step_id, target_step_id, inserted_at, updated_at, label, description) VALUES ('748b2152-0e7b-4cd3-a7e6-b3a0ad34d0e5', 'exit', 'ff137ebe-791f-4bb0-b7ba-3f1cff8e3614', '14ad8c1c-edd4-4392-a4bf-9b6e60676179', '2026-04-13 16:45:00', '2026-04-13 16:45:00', NULL, NULL);
INSERT INTO public.conexoes_passos (id, type, source_step_id, target_step_id, inserted_at, updated_at, label, description) VALUES ('61d125dc-0c2e-4168-8409-125c2211e967', 'exit', '14ad8c1c-edd4-4392-a4bf-9b6e60676179', '25e48e38-900f-47f6-a948-397b1f0ade41', '2026-04-13 16:52:42', '2026-04-13 16:52:42', NULL, NULL);
INSERT INTO public.conexoes_passos (id, type, source_step_id, target_step_id, inserted_at, updated_at, label, description) VALUES ('3f49c306-9de6-4e2f-a372-b9d92b059aa4', 'exit', '14ad8c1c-edd4-4392-a4bf-9b6e60676179', 'a32c1469-e565-43f4-8d0a-944178c63da2', '2026-04-13 16:52:42', '2026-04-13 16:52:42', NULL, NULL);
INSERT INTO public.conexoes_passos (id, type, source_step_id, target_step_id, inserted_at, updated_at, label, description) VALUES ('12c01b59-a833-45b1-84b7-0df789043047', 'exit', '5a682eba-bd27-400d-b283-de68737cf88b', '14ad8c1c-edd4-4392-a4bf-9b6e60676179', '2026-04-11 14:23:18', '2026-04-13 16:45:53', 'saída fechada', NULL);
INSERT INTO public.conexoes_passos (id, type, source_step_id, target_step_id, inserted_at, updated_at, label, description) VALUES ('a0c35be3-cb64-412c-9711-e5910408c6e3', 'exit', '14ad8c1c-edd4-4392-a4bf-9b6e60676179', '5ea9edb3-b4fc-4527-9db6-0cc939bdb91e', '2026-04-13 16:52:42', '2026-04-13 16:52:42', NULL, NULL);
INSERT INTO public.conexoes_passos (id, type, source_step_id, target_step_id, inserted_at, updated_at, label, description) VALUES ('04e63d7e-f291-4f1d-aa31-fea77ce14d4c', 'exit', '14ad8c1c-edd4-4392-a4bf-9b6e60676179', 'c377c29d-abdf-4f31-be67-9ca28dc5495f', '2026-04-13 16:52:42', '2026-04-13 16:52:42', NULL, NULL);
INSERT INTO public.conexoes_passos (id, type, source_step_id, target_step_id, inserted_at, updated_at, label, description) VALUES ('6cc0893c-e387-47be-86ad-382681a773cb', 'exit', '14ad8c1c-edd4-4392-a4bf-9b6e60676179', '66e8a7df-3736-420d-b192-ebb378ea541f', '2026-04-13 16:52:42', '2026-04-13 16:52:42', NULL, NULL);
INSERT INTO public.conexoes_passos (id, type, source_step_id, target_step_id, inserted_at, updated_at, label, description) VALUES ('abe84b89-c68e-4549-8397-d28a98e40fc6', 'exit', '14ad8c1c-edd4-4392-a4bf-9b6e60676179', 'f104a785-f86e-4d16-b9f3-8a85b595f282', '2026-04-13 16:52:42', '2026-04-13 16:52:42', NULL, NULL);
INSERT INTO public.conexoes_passos (id, type, source_step_id, target_step_id, inserted_at, updated_at, label, description) VALUES ('47782fb7-fe25-4807-99a9-b79ed4b981d5', 'exit', '14ad8c1c-edd4-4392-a4bf-9b6e60676179', '7b23a6cb-28fd-463f-9968-6c06de728905', '2026-04-13 16:52:42', '2026-04-13 16:52:42', NULL, NULL);
INSERT INTO public.conexoes_passos (id, type, source_step_id, target_step_id, inserted_at, updated_at, label, description) VALUES ('fea036a5-d07b-4def-88a7-5b639b87c3fb', 'exit', '14ad8c1c-edd4-4392-a4bf-9b6e60676179', 'fa03b6b6-7540-4909-8ae7-b59bca199917', '2026-04-13 16:52:42', '2026-04-13 16:52:42', NULL, NULL);
INSERT INTO public.conexoes_passos (id, type, source_step_id, target_step_id, inserted_at, updated_at, label, description) VALUES ('076d10bd-c556-4aa8-b8f1-c16b15e62ffa', 'exit', '14ad8c1c-edd4-4392-a4bf-9b6e60676179', 'a3050dac-64de-4eb8-b107-a0421045c63a', '2026-04-13 16:52:42', '2026-04-13 16:52:42', NULL, NULL);
INSERT INTO public.conexoes_passos (id, type, source_step_id, target_step_id, inserted_at, updated_at, label, description) VALUES ('de56a064-d14f-4368-b2ba-ef5a4bf9c9bc', 'exit', '14ad8c1c-edd4-4392-a4bf-9b6e60676179', 'a5d31b74-4384-489b-b848-efb60040f59e', '2026-04-13 16:52:42', '2026-04-13 16:52:42', NULL, NULL);
INSERT INTO public.conexoes_passos (id, type, source_step_id, target_step_id, inserted_at, updated_at, label, description) VALUES ('accd290a-228e-4523-a64c-e0fa28a853f3', 'exit', '14ad8c1c-edd4-4392-a4bf-9b6e60676179', 'b2c2b438-2fde-4193-8124-cecbb99dcab0', '2026-04-13 16:52:42', '2026-04-13 16:52:42', NULL, NULL);
INSERT INTO public.conexoes_passos (id, type, source_step_id, target_step_id, inserted_at, updated_at, label, description) VALUES ('01b9c6c6-4906-4e72-a1f6-f4cf948ae384', 'exit', '9f44ddc9-c072-4a6c-87f6-a2148141674b', 'c377c29d-abdf-4f31-be67-9ca28dc5495f', '2026-04-11 14:23:18', '2026-04-13 13:18:05', NULL, NULL);
INSERT INTO public.conexoes_passos (id, type, source_step_id, target_step_id, inserted_at, updated_at, label, description) VALUES ('4707e467-7d00-480d-8810-63c8ebd6cae3', 'exit', '9f44ddc9-c072-4a6c-87f6-a2148141674b', '14ad8c1c-edd4-4392-a4bf-9b6e60676179', '2026-04-11 14:23:18', '2026-04-13 13:18:05', NULL, NULL);
INSERT INTO public.conexoes_passos (id, type, source_step_id, target_step_id, inserted_at, updated_at, label, description) VALUES ('e96c16ec-664b-4708-8bdf-64bc97560a90', 'exit', '92e9462a-a88d-4731-869d-659c43bc5235', 'e7821fd3-9d20-409f-9714-5a3d954744ed', '2026-04-11 14:23:18', '2026-04-13 13:18:05', NULL, NULL);
INSERT INTO public.conexoes_passos (id, type, source_step_id, target_step_id, inserted_at, updated_at, label, description) VALUES ('fe162106-3c38-4b84-9d09-e91c28a4b47d', 'exit', '92e9462a-a88d-4731-869d-659c43bc5235', '61e50c31-f43d-4d6e-b77e-033bd6ba5240', '2026-04-11 14:23:18', '2026-04-13 13:18:05', NULL, NULL);
INSERT INTO public.conexoes_passos (id, type, source_step_id, target_step_id, inserted_at, updated_at, label, description) VALUES ('92841599-c700-4ed2-b3e6-e9a28583094c', 'exit', '9099bab4-e18d-4526-bb13-5fc3f822820b', 'c377c29d-abdf-4f31-be67-9ca28dc5495f', '2026-04-11 14:23:18', '2026-04-13 13:18:05', NULL, NULL);
INSERT INTO public.conexoes_passos (id, type, source_step_id, target_step_id, inserted_at, updated_at, label, description) VALUES ('46846cbf-3035-46e7-b0ec-f6567a2282f9', 'exit', '9099bab4-e18d-4526-bb13-5fc3f822820b', '5a682eba-bd27-400d-b283-de68737cf88b', '2026-04-11 14:23:18', '2026-04-13 13:18:05', NULL, NULL);
INSERT INTO public.conexoes_passos (id, type, source_step_id, target_step_id, inserted_at, updated_at, label, description) VALUES ('521fe86e-7bbd-4ddd-be99-cd8f563a2b38', 'exit', '9099bab4-e18d-4526-bb13-5fc3f822820b', '634b2246-db8a-401a-8fc0-61700e996272', '2026-04-11 14:23:18', '2026-04-13 13:18:05', NULL, NULL);
INSERT INTO public.conexoes_passos (id, type, source_step_id, target_step_id, inserted_at, updated_at, label, description) VALUES ('c84e3d1e-b127-4020-b84d-2d8abc4ae6ed', 'exit', '4a6e98d9-a96a-45cb-ac87-106c10bdeac2', '4edb31c2-305a-466f-b5c6-43117b7dd733', '2026-04-13 13:18:05', '2026-04-13 13:18:05', NULL, NULL);
INSERT INTO public.conexoes_passos (id, type, source_step_id, target_step_id, inserted_at, updated_at, label, description) VALUES ('aa483da2-be70-4d8e-811a-3296ac0dfe9a', 'exit', 'f104a785-f86e-4d16-b9f3-8a85b595f282', 'cb037b97-6f43-459e-a4cd-4bc95ea4d402', '2026-04-13 13:18:05', '2026-04-13 13:18:05', NULL, NULL);
INSERT INTO public.conexoes_passos (id, type, source_step_id, target_step_id, inserted_at, updated_at, label, description) VALUES ('eb3b7393-75e7-45f3-86cf-ed107b1229ae', 'exit', 'cb037b97-6f43-459e-a4cd-4bc95ea4d402', 'f104a785-f86e-4d16-b9f3-8a85b595f282', '2026-04-13 13:18:05', '2026-04-13 13:18:05', NULL, NULL);
INSERT INTO public.conexoes_passos (id, type, source_step_id, target_step_id, inserted_at, updated_at, label, description) VALUES ('534c745e-4f56-4f88-be26-7bf4d539e07b', 'exit', 'f104a785-f86e-4d16-b9f3-8a85b595f282', '51cb6354-edc6-403e-8c57-11c4fda60e84', '2026-04-13 13:18:05', '2026-04-13 13:18:05', NULL, NULL);
INSERT INTO public.conexoes_passos (id, type, source_step_id, target_step_id, inserted_at, updated_at, label, description) VALUES ('640a11c9-00a0-409f-b217-9e5a1a7560d1', 'exit', '51cb6354-edc6-403e-8c57-11c4fda60e84', 'f104a785-f86e-4d16-b9f3-8a85b595f282', '2026-04-13 13:18:05', '2026-04-13 13:18:05', NULL, NULL);
INSERT INTO public.conexoes_passos (id, type, source_step_id, target_step_id, inserted_at, updated_at, label, description) VALUES ('52478590-c311-406e-8fac-858d16803261', 'exit', 'f104a785-f86e-4d16-b9f3-8a85b595f282', '029720aa-a536-432a-909a-bdf9f77dc791', '2026-04-13 13:18:05', '2026-04-13 13:18:05', NULL, NULL);
INSERT INTO public.conexoes_passos (id, type, source_step_id, target_step_id, inserted_at, updated_at, label, description) VALUES ('400e3d83-022f-42cf-afd9-313a82de4a98', 'exit', '029720aa-a536-432a-909a-bdf9f77dc791', 'f104a785-f86e-4d16-b9f3-8a85b595f282', '2026-04-13 13:18:05', '2026-04-13 13:18:05', NULL, NULL);
INSERT INTO public.conexoes_passos (id, type, source_step_id, target_step_id, inserted_at, updated_at, label, description) VALUES ('e52ffd13-8883-4ab7-94a5-76726ec99c8c', 'exit', 'f104a785-f86e-4d16-b9f3-8a85b595f282', '5a682eba-bd27-400d-b283-de68737cf88b', '2026-04-11 14:23:18', '2026-04-13 13:18:05', NULL, NULL);
INSERT INTO public.conexoes_passos (id, type, source_step_id, target_step_id, inserted_at, updated_at, label, description) VALUES ('14928c10-c556-417f-adca-ea9682616c19', 'exit', 'e7821fd3-9d20-409f-9714-5a3d954744ed', '5a682eba-bd27-400d-b283-de68737cf88b', '2026-04-11 14:23:18', '2026-04-13 13:18:05', NULL, NULL);
INSERT INTO public.conexoes_passos (id, type, source_step_id, target_step_id, inserted_at, updated_at, label, description) VALUES ('3661be3d-22e6-4de2-bbbf-dd4c7b833f55', 'exit', '457d8dbf-9a4c-43c8-af2f-6969c7961fa5', '5a682eba-bd27-400d-b283-de68737cf88b', '2026-04-11 14:23:18', '2026-04-13 13:18:05', NULL, NULL);
INSERT INTO public.conexoes_passos (id, type, source_step_id, target_step_id, inserted_at, updated_at, label, description) VALUES ('fa1fbd9f-dd05-4371-8ec7-2eceab28853c', 'exit', '5a682eba-bd27-400d-b283-de68737cf88b', 'e7821fd3-9d20-409f-9714-5a3d954744ed', '2026-04-11 14:23:18', '2026-04-13 13:18:05', NULL, NULL);
INSERT INTO public.conexoes_passos (id, type, source_step_id, target_step_id, inserted_at, updated_at, label, description) VALUES ('fd352203-300e-4f7a-96e9-53373ec7cc0a', 'exit', '5a682eba-bd27-400d-b283-de68737cf88b', '9f44ddc9-c072-4a6c-87f6-a2148141674b', '2026-04-11 14:23:18', '2026-04-13 13:18:05', NULL, NULL);
INSERT INTO public.conexoes_passos (id, type, source_step_id, target_step_id, inserted_at, updated_at, label, description) VALUES ('5f6a3d6f-5624-44bc-8c31-2ccc4f84f266', 'exit', 'b2c2b438-2fde-4193-8124-cecbb99dcab0', '5a682eba-bd27-400d-b283-de68737cf88b', '2026-04-11 14:33:35', '2026-04-13 13:18:05', NULL, NULL);
INSERT INTO public.conexoes_passos (id, type, source_step_id, target_step_id, inserted_at, updated_at, label, description) VALUES ('65b97c12-0f4c-49dd-89aa-22e720f4ac2e', 'exit', '7b23a6cb-28fd-463f-9968-6c06de728905', 'c377c29d-abdf-4f31-be67-9ca28dc5495f', '2026-04-11 14:23:18', '2026-04-13 13:18:05', NULL, NULL);
INSERT INTO public.conexoes_passos (id, type, source_step_id, target_step_id, inserted_at, updated_at, label, description) VALUES ('3e07c817-fa55-4056-8901-8406d9f1e116', 'exit', '7b23a6cb-28fd-463f-9968-6c06de728905', '9f44ddc9-c072-4a6c-87f6-a2148141674b', '2026-04-11 14:23:18', '2026-04-13 13:18:05', NULL, NULL);
INSERT INTO public.conexoes_passos (id, type, source_step_id, target_step_id, inserted_at, updated_at, label, description) VALUES ('c1760268-e5dd-4cb6-888d-4bbe510302a2', 'exit', '7b23a6cb-28fd-463f-9968-6c06de728905', '5a682eba-bd27-400d-b283-de68737cf88b', '2026-04-11 14:23:18', '2026-04-13 13:18:05', NULL, NULL);
INSERT INTO public.conexoes_passos (id, type, source_step_id, target_step_id, inserted_at, updated_at, label, description) VALUES ('99f7b578-3783-45d2-aa93-e6121ff001b5', 'exit', '7b23a6cb-28fd-463f-9968-6c06de728905', '634b2246-db8a-401a-8fc0-61700e996272', '2026-04-11 14:23:18', '2026-04-13 13:18:05', NULL, NULL);
INSERT INTO public.conexoes_passos (id, type, source_step_id, target_step_id, inserted_at, updated_at, label, description) VALUES ('0bd4d66f-89c4-4b30-a31e-6edbc7f5e686', 'exit', '7b23a6cb-28fd-463f-9968-6c06de728905', '5795c1d5-2449-4555-a461-50f6dce6b8b6', '2026-04-13 13:18:05', '2026-04-13 13:18:05', NULL, NULL);
INSERT INTO public.conexoes_passos (id, type, source_step_id, target_step_id, inserted_at, updated_at, label, description) VALUES ('2a89c910-2cdb-4075-bcee-e6082a04a491', 'exit', '5795c1d5-2449-4555-a461-50f6dce6b8b6', '634b2246-db8a-401a-8fc0-61700e996272', '2026-04-11 14:23:18', '2026-04-13 13:18:05', NULL, NULL);
INSERT INTO public.conexoes_passos (id, type, source_step_id, target_step_id, inserted_at, updated_at, label, description) VALUES ('b025de50-633b-43d4-a804-897613d535f6', 'exit', 'e7821fd3-9d20-409f-9714-5a3d954744ed', '9a0fdcd3-adcc-4449-8b99-8eacf7a44330', '2026-04-11 14:23:18', '2026-04-13 13:18:05', NULL, NULL);
INSERT INTO public.conexoes_passos (id, type, source_step_id, target_step_id, inserted_at, updated_at, label, description) VALUES ('756c13c5-484d-405f-9387-02c658926c35', 'exit', 'e7821fd3-9d20-409f-9714-5a3d954744ed', 'ca04fc68-824d-4ef4-be57-34e4755afca0', '2026-04-11 14:23:18', '2026-04-13 13:18:05', NULL, NULL);
INSERT INTO public.conexoes_passos (id, type, source_step_id, target_step_id, inserted_at, updated_at, label, description) VALUES ('9e2ad0d5-a918-4e29-8249-bdf398b71e3d', 'exit', 'e7821fd3-9d20-409f-9714-5a3d954744ed', '634b2246-db8a-401a-8fc0-61700e996272', '2026-04-11 14:23:18', '2026-04-13 13:18:05', NULL, NULL);
INSERT INTO public.conexoes_passos (id, type, source_step_id, target_step_id, inserted_at, updated_at, label, description) VALUES ('40ea6866-aa62-4c12-a54e-54865d3bee32', 'exit', '14ad8c1c-edd4-4392-a4bf-9b6e60676179', 'e7821fd3-9d20-409f-9714-5a3d954744ed', '2026-04-13 13:18:05', '2026-04-13 13:18:05', NULL, NULL);
INSERT INTO public.conexoes_passos (id, type, source_step_id, target_step_id, inserted_at, updated_at, label, description) VALUES ('d38a2ad8-35b1-4039-b585-e3c50ca0f548', 'exit', 'a32c1469-e565-43f4-8d0a-944178c63da2', 'e7821fd3-9d20-409f-9714-5a3d954744ed', '2026-04-13 13:18:05', '2026-04-13 13:18:05', NULL, NULL);
INSERT INTO public.conexoes_passos (id, type, source_step_id, target_step_id, inserted_at, updated_at, label, description) VALUES ('7f8c2337-8aee-4369-996e-09ae5a1d3698', 'exit', '131295a4-cf9f-4343-b832-b4574460e0f3', '14ad8c1c-edd4-4392-a4bf-9b6e60676179', '2026-04-11 14:23:18', '2026-04-13 13:18:05', NULL, NULL);
INSERT INTO public.conexoes_passos (id, type, source_step_id, target_step_id, inserted_at, updated_at, label, description) VALUES ('6165a1c0-4a66-445e-bd92-d4ab734861ca', 'exit', '131295a4-cf9f-4343-b832-b4574460e0f3', 'e7821fd3-9d20-409f-9714-5a3d954744ed', '2026-04-11 14:23:18', '2026-04-13 13:18:05', NULL, NULL);
INSERT INTO public.conexoes_passos (id, type, source_step_id, target_step_id, inserted_at, updated_at, label, description) VALUES ('455986db-7d8a-476f-9359-8a0fef8220e6', 'exit', '14ad8c1c-edd4-4392-a4bf-9b6e60676179', '31eb4ec1-b14c-4a1c-b9be-223b62a62bb3', '2026-04-13 13:18:05', '2026-04-13 13:18:05', NULL, NULL);
INSERT INTO public.conexoes_passos (id, type, source_step_id, target_step_id, inserted_at, updated_at, label, description) VALUES ('a03190ed-1359-4e8c-b052-6881eecd6105', 'exit', '31eb4ec1-b14c-4a1c-b9be-223b62a62bb3', '1031de73-5caa-416f-b6bf-a6eab52ff44e', '2026-04-13 13:18:05', '2026-04-13 13:18:05', NULL, NULL);
INSERT INTO public.conexoes_passos (id, type, source_step_id, target_step_id, inserted_at, updated_at, label, description) VALUES ('199cf126-db35-4759-96a1-d99452bcff7d', 'exit', '31eb4ec1-b14c-4a1c-b9be-223b62a62bb3', '03852cdb-ab7c-4d0e-8233-c4d6614f72ae', '2026-04-13 13:18:05', '2026-04-13 13:18:05', NULL, NULL);
INSERT INTO public.conexoes_passos (id, type, source_step_id, target_step_id, inserted_at, updated_at, label, description) VALUES ('f63ca67e-3eea-464b-b955-fe208e8c34a3', 'exit', '31eb4ec1-b14c-4a1c-b9be-223b62a62bb3', '3deb6f90-749c-4c58-ae73-0d3c4c10250b', '2026-04-13 13:18:05', '2026-04-13 13:18:05', NULL, NULL);
INSERT INTO public.conexoes_passos (id, type, source_step_id, target_step_id, inserted_at, updated_at, label, description) VALUES ('1027d838-4a9b-4b85-b241-70afa21da0ba', 'exit', '14ad8c1c-edd4-4392-a4bf-9b6e60676179', '03852cdb-ab7c-4d0e-8233-c4d6614f72ae', '2026-04-13 13:18:05', '2026-04-13 13:18:05', NULL, NULL);
INSERT INTO public.conexoes_passos (id, type, source_step_id, target_step_id, inserted_at, updated_at, label, description) VALUES ('207e87d4-e4c1-4df0-b985-2a2791bdaadf', 'exit', '14ad8c1c-edd4-4392-a4bf-9b6e60676179', '3deb6f90-749c-4c58-ae73-0d3c4c10250b', '2026-04-13 13:18:05', '2026-04-13 13:18:05', NULL, NULL);
INSERT INTO public.conexoes_passos (id, type, source_step_id, target_step_id, inserted_at, updated_at, label, description) VALUES ('ecb1abcf-8c01-4591-b1fd-ee7373d59eba', 'exit', '03852cdb-ab7c-4d0e-8233-c4d6614f72ae', '3deb6f90-749c-4c58-ae73-0d3c4c10250b', '2026-04-13 13:18:05', '2026-04-13 13:18:05', NULL, NULL);
INSERT INTO public.conexoes_passos (id, type, source_step_id, target_step_id, inserted_at, updated_at, label, description) VALUES ('bfea1266-98d3-4bf8-9713-87dfcd306beb', 'exit', '3deb6f90-749c-4c58-ae73-0d3c4c10250b', '03852cdb-ab7c-4d0e-8233-c4d6614f72ae', '2026-04-13 13:18:05', '2026-04-13 13:18:05', NULL, NULL);
INSERT INTO public.conexoes_passos (id, type, source_step_id, target_step_id, inserted_at, updated_at, label, description) VALUES ('042cc267-564b-4e59-b684-0b051110338e', 'exit', '10d93a0f-1a8a-47e6-bd16-35d7cbec81a4', '457d8dbf-9a4c-43c8-af2f-6969c7961fa5', '2026-04-11 14:23:18', '2026-04-13 13:18:05', NULL, NULL);
INSERT INTO public.conexoes_passos (id, type, source_step_id, target_step_id, inserted_at, updated_at, label, description) VALUES ('be2978ae-a03b-4d7e-aea7-584759194afe', 'exit', '457d8dbf-9a4c-43c8-af2f-6969c7961fa5', '634b2246-db8a-401a-8fc0-61700e996272', '2026-04-11 14:23:18', '2026-04-13 13:18:05', NULL, NULL);
INSERT INTO public.conexoes_passos (id, type, source_step_id, target_step_id, inserted_at, updated_at, label, description) VALUES ('73009afc-9034-41b9-9388-d92322fe2fe0', 'exit', '457d8dbf-9a4c-43c8-af2f-6969c7961fa5', '9f44ddc9-c072-4a6c-87f6-a2148141674b', '2026-04-11 14:23:18', '2026-04-13 13:18:05', NULL, NULL);
INSERT INTO public.conexoes_passos (id, type, source_step_id, target_step_id, inserted_at, updated_at, label, description) VALUES ('de2663d4-1bfa-40ae-9084-d3fc70413382', 'exit', '634b2246-db8a-401a-8fc0-61700e996272', '14ad8c1c-edd4-4392-a4bf-9b6e60676179', '2026-04-11 14:23:18', '2026-04-13 13:18:05', NULL, NULL);
INSERT INTO public.conexoes_passos (id, type, source_step_id, target_step_id, inserted_at, updated_at, label, description) VALUES ('7e502de7-4ed6-47bf-8f86-543efa30df75', 'exit', '634b2246-db8a-401a-8fc0-61700e996272', '9f44ddc9-c072-4a6c-87f6-a2148141674b', '2026-04-11 14:23:18', '2026-04-13 13:18:05', NULL, NULL);
INSERT INTO public.conexoes_passos (id, type, source_step_id, target_step_id, inserted_at, updated_at, label, description) VALUES ('a9b9a42e-c79c-4310-998d-1572944ff5e9', 'exit', '634b2246-db8a-401a-8fc0-61700e996272', 'e7821fd3-9d20-409f-9714-5a3d954744ed', '2026-04-11 14:23:18', '2026-04-13 13:18:05', NULL, NULL);
INSERT INTO public.conexoes_passos (id, type, source_step_id, target_step_id, inserted_at, updated_at, label, description) VALUES ('b26f8cd2-2fcd-4d05-88eb-86dd7ea4806d', 'exit', 'd1464403-39b5-4bf1-bbf6-466b355ab677', 'dd56195b-b4d8-487c-9c26-67850da09c30', '2026-04-13 13:18:05', '2026-04-13 16:37:53', NULL, 'Do abraço lateral (trocas de lado): puxar pela mão, condutor e conduzida saem para GP-D-F.');
INSERT INTO public.conexoes_passos (id, type, source_step_id, target_step_id, inserted_at, updated_at, label, description) VALUES ('177932f1-ff4f-463b-9131-bcf9a0204076', 'exit', '4edb31c2-305a-466f-b5c6-43117b7dd733', '9a0fdcd3-adcc-4449-8b99-8eacf7a44330', '2026-04-13 13:18:05', '2026-04-13 16:38:01', NULL, 'Condutor permanece à direita após armada. Rouba pé esquerdo da conduzida.');
INSERT INTO public.conexoes_passos (id, type, source_step_id, target_step_id, inserted_at, updated_at, label, description) VALUES ('42f370e1-4da9-4f72-a00f-8dc95c966555', 'exit', '66e8a7df-3736-420d-b192-ebb378ea541f', '4edb31c2-305a-466f-b5c6-43117b7dd733', '2026-04-11 14:37:48', '2026-04-13 16:38:10', NULL, 'Footwork base 2. Pézin esquerdo bate no 1.');
INSERT INTO public.conexoes_passos (id, type, source_step_id, target_step_id, inserted_at, updated_at, label, description) VALUES ('95bfea0b-5f6a-4361-98c7-dcde9df933b8', 'exit', '1031de73-5caa-416f-b6bf-a6eab52ff44e', '9a0fdcd3-adcc-4449-8b99-8eacf7a44330', '2026-04-13 13:18:05', '2026-04-13 16:38:13', NULL, 'Condutor fica de costas. Pesca esquerda com esquerda.');
INSERT INTO public.conexoes_passos (id, type, source_step_id, target_step_id, inserted_at, updated_at, label, description) VALUES ('a0ff450d-0629-42c0-982c-b98c5971197c', 'exit', '131295a4-cf9f-4343-b832-b4574460e0f3', '95357a3a-f0f1-4a8a-9c9e-ab9bb24de39e', '2026-04-13 13:18:05', '2026-04-13 16:38:17', NULL, NULL);
INSERT INTO public.conexoes_passos (id, type, source_step_id, target_step_id, inserted_at, updated_at, label, description) VALUES ('d01ddf39-3269-4c65-a4a4-b645b2ab8138', 'exit', '03852cdb-ab7c-4d0e-8233-c4d6614f72ae', '14ad8c1c-edd4-4392-a4bf-9b6e60676179', '2026-04-13 16:45:00', '2026-04-13 16:45:00', NULL, NULL);
INSERT INTO public.conexoes_passos (id, type, source_step_id, target_step_id, inserted_at, updated_at, label, description) VALUES ('6c4c1134-0390-43ff-8f19-dc6a2be9c9b7', 'exit', '08acab91-bba0-4ce9-8d24-d20e0e041c45', '14ad8c1c-edd4-4392-a4bf-9b6e60676179', '2026-04-13 16:45:00', '2026-04-13 16:45:00', NULL, NULL);
INSERT INTO public.conexoes_passos (id, type, source_step_id, target_step_id, inserted_at, updated_at, label, description) VALUES ('c321fc2b-273a-4dd3-8bf7-8d54fcae5e09', 'exit', '0ab6b7ee-3636-485e-bac8-7f2fd222f559', '14ad8c1c-edd4-4392-a4bf-9b6e60676179', '2026-04-13 16:45:00', '2026-04-13 16:45:00', NULL, NULL);
INSERT INTO public.conexoes_passos (id, type, source_step_id, target_step_id, inserted_at, updated_at, label, description) VALUES ('c803b179-eed1-4e9f-8f41-69fd5677fcb9', 'exit', '10d93a0f-1a8a-47e6-bd16-35d7cbec81a4', '14ad8c1c-edd4-4392-a4bf-9b6e60676179', '2026-04-13 16:45:00', '2026-04-13 16:45:00', NULL, NULL);
INSERT INTO public.conexoes_passos (id, type, source_step_id, target_step_id, inserted_at, updated_at, label, description) VALUES ('89a5d847-b02a-4cbb-a805-5bee83210947', 'exit', '25e48e38-900f-47f6-a948-397b1f0ade41', '14ad8c1c-edd4-4392-a4bf-9b6e60676179', '2026-04-13 16:45:00', '2026-04-13 16:45:00', NULL, NULL);
INSERT INTO public.conexoes_passos (id, type, source_step_id, target_step_id, inserted_at, updated_at, label, description) VALUES ('6ae854a7-741f-435d-b495-c3c2a0b8742a', 'exit', '31eb4ec1-b14c-4a1c-b9be-223b62a62bb3', '14ad8c1c-edd4-4392-a4bf-9b6e60676179', '2026-04-13 16:45:00', '2026-04-13 16:45:00', NULL, NULL);
INSERT INTO public.conexoes_passos (id, type, source_step_id, target_step_id, inserted_at, updated_at, label, description) VALUES ('586c122b-e877-47c7-9d62-903227f79e0a', 'exit', '38378a79-b5fb-4334-b9b5-ad4a5b537289', '14ad8c1c-edd4-4392-a4bf-9b6e60676179', '2026-04-13 16:45:00', '2026-04-13 16:45:00', NULL, NULL);
INSERT INTO public.conexoes_passos (id, type, source_step_id, target_step_id, inserted_at, updated_at, label, description) VALUES ('04e8514a-2689-4da2-b967-0c86f0c7ca5e', 'exit', '3deb6f90-749c-4c58-ae73-0d3c4c10250b', '14ad8c1c-edd4-4392-a4bf-9b6e60676179', '2026-04-13 16:45:00', '2026-04-13 16:45:00', NULL, NULL);
INSERT INTO public.conexoes_passos (id, type, source_step_id, target_step_id, inserted_at, updated_at, label, description) VALUES ('bf258a02-dc56-4b6e-a22d-cbf738414155', 'exit', '457d8dbf-9a4c-43c8-af2f-6969c7961fa5', '14ad8c1c-edd4-4392-a4bf-9b6e60676179', '2026-04-13 16:45:00', '2026-04-13 16:45:00', NULL, NULL);
INSERT INTO public.conexoes_passos (id, type, source_step_id, target_step_id, inserted_at, updated_at, label, description) VALUES ('0d26e781-0a29-479c-a480-ba7ab16f5d2a', 'exit', '4a6e98d9-a96a-45cb-ac87-106c10bdeac2', '14ad8c1c-edd4-4392-a4bf-9b6e60676179', '2026-04-13 16:45:00', '2026-04-13 16:45:00', NULL, NULL);
INSERT INTO public.conexoes_passos (id, type, source_step_id, target_step_id, inserted_at, updated_at, label, description) VALUES ('e4c07af9-ee17-45f8-aba9-714d3480aa69', 'exit', '4edb31c2-305a-466f-b5c6-43117b7dd733', '14ad8c1c-edd4-4392-a4bf-9b6e60676179', '2026-04-13 16:45:00', '2026-04-13 16:45:00', NULL, NULL);
INSERT INTO public.conexoes_passos (id, type, source_step_id, target_step_id, inserted_at, updated_at, label, description) VALUES ('f0fa207e-45fc-424e-b78d-c55440da79b5', 'exit', '5ea9edb3-b4fc-4527-9db6-0cc939bdb91e', '14ad8c1c-edd4-4392-a4bf-9b6e60676179', '2026-04-13 16:45:00', '2026-04-13 16:45:00', NULL, NULL);
INSERT INTO public.conexoes_passos (id, type, source_step_id, target_step_id, inserted_at, updated_at, label, description) VALUES ('615e7279-be63-408e-b12e-2329a26d85d4', 'exit', '61e50c31-f43d-4d6e-b77e-033bd6ba5240', '14ad8c1c-edd4-4392-a4bf-9b6e60676179', '2026-04-13 16:45:00', '2026-04-13 16:45:00', NULL, NULL);
INSERT INTO public.conexoes_passos (id, type, source_step_id, target_step_id, inserted_at, updated_at, label, description) VALUES ('ba60f3dc-c1db-4321-b0a4-d2dc799538fd', 'exit', '803f2948-4b44-4853-8422-c03cd2483dc4', '14ad8c1c-edd4-4392-a4bf-9b6e60676179', '2026-04-13 16:45:00', '2026-04-13 16:45:00', NULL, NULL);
INSERT INTO public.conexoes_passos (id, type, source_step_id, target_step_id, inserted_at, updated_at, label, description) VALUES ('e4bbda3b-12fe-42ce-a69a-443ac04ff0a1', 'exit', '9099bab4-e18d-4526-bb13-5fc3f822820b', '14ad8c1c-edd4-4392-a4bf-9b6e60676179', '2026-04-13 16:45:00', '2026-04-13 16:45:00', NULL, NULL);
INSERT INTO public.conexoes_passos (id, type, source_step_id, target_step_id, inserted_at, updated_at, label, description) VALUES ('ba621eec-9d7d-4687-b156-0a0755c414e7', 'exit', '9db343a2-8f8f-484f-b169-e7cd50a0eac2', '14ad8c1c-edd4-4392-a4bf-9b6e60676179', '2026-04-13 16:45:00', '2026-04-13 16:45:00', NULL, NULL);
INSERT INTO public.conexoes_passos (id, type, source_step_id, target_step_id, inserted_at, updated_at, label, description) VALUES ('7fb987a6-db20-4c25-becd-948dd58e7749', 'exit', 'a3050dac-64de-4eb8-b107-a0421045c63a', '14ad8c1c-edd4-4392-a4bf-9b6e60676179', '2026-04-13 16:45:00', '2026-04-13 16:45:00', NULL, NULL);
INSERT INTO public.conexoes_passos (id, type, source_step_id, target_step_id, inserted_at, updated_at, label, description) VALUES ('e9b7e300-21d8-40b4-9b4a-3cf152a224bd', 'exit', 'a32c1469-e565-43f4-8d0a-944178c63da2', '14ad8c1c-edd4-4392-a4bf-9b6e60676179', '2026-04-13 16:45:00', '2026-04-13 16:45:00', NULL, NULL);
INSERT INTO public.conexoes_passos (id, type, source_step_id, target_step_id, inserted_at, updated_at, label, description) VALUES ('408b30cf-2cf7-41cd-a886-d55d4ccdc31d', 'exit', 'a5d31b74-4384-489b-b848-efb60040f59e', '14ad8c1c-edd4-4392-a4bf-9b6e60676179', '2026-04-13 16:45:00', '2026-04-13 16:45:00', NULL, NULL);
INSERT INTO public.conexoes_passos (id, type, source_step_id, target_step_id, inserted_at, updated_at, label, description) VALUES ('30582a11-accc-4118-9bb5-e8d973dd3871', 'exit', 'a7a42ad9-f55e-4834-9e7f-04fac378312e', '14ad8c1c-edd4-4392-a4bf-9b6e60676179', '2026-04-13 16:45:00', '2026-04-13 16:45:00', NULL, NULL);
INSERT INTO public.conexoes_passos (id, type, source_step_id, target_step_id, inserted_at, updated_at, label, description) VALUES ('f0df98c9-2790-4df1-a9e2-3c7ad73ee794', 'exit', 'b18c4d71-456d-4081-bea6-30c223d71e9b', '14ad8c1c-edd4-4392-a4bf-9b6e60676179', '2026-04-13 16:45:00', '2026-04-13 16:45:00', NULL, NULL);
INSERT INTO public.conexoes_passos (id, type, source_step_id, target_step_id, inserted_at, updated_at, label, description) VALUES ('3950659d-deb6-470b-8f0a-1777edfbdc33', 'exit', 'bf44b161-cd66-462f-815b-3f35280d8ffc', '14ad8c1c-edd4-4392-a4bf-9b6e60676179', '2026-04-13 16:45:00', '2026-04-13 16:45:00', NULL, NULL);
INSERT INTO public.conexoes_passos (id, type, source_step_id, target_step_id, inserted_at, updated_at, label, description) VALUES ('a7f7e8de-274b-4615-b364-9fc8f49281d4', 'exit', '14ad8c1c-edd4-4392-a4bf-9b6e60676179', '10d93a0f-1a8a-47e6-bd16-35d7cbec81a4', '2026-04-13 16:52:42', '2026-04-13 16:52:42', NULL, NULL);
INSERT INTO public.conexoes_passos (id, type, source_step_id, target_step_id, inserted_at, updated_at, label, description) VALUES ('b21bd593-24f4-43b9-8456-5f3155374829', 'exit', '14ad8c1c-edd4-4392-a4bf-9b6e60676179', '4edb31c2-305a-466f-b5c6-43117b7dd733', '2026-04-13 16:52:42', '2026-04-13 16:52:42', NULL, NULL);
INSERT INTO public.conexoes_passos (id, type, source_step_id, target_step_id, inserted_at, updated_at, label, description) VALUES ('86e3cb29-9593-4cdf-b8a1-8ec6ebf83b78', 'exit', '14ad8c1c-edd4-4392-a4bf-9b6e60676179', '6027177f-132f-46b0-aeb5-c0831a896332', '2026-04-13 16:52:42', '2026-04-13 16:52:42', NULL, NULL);
INSERT INTO public.conexoes_passos (id, type, source_step_id, target_step_id, inserted_at, updated_at, label, description) VALUES ('baa33dc4-6485-482a-a1ee-6505bc32b979', 'exit', '14ad8c1c-edd4-4392-a4bf-9b6e60676179', 'ca04fc68-824d-4ef4-be57-34e4755afca0', '2026-04-13 16:52:42', '2026-04-13 16:52:42', NULL, NULL);


--
-- Data for Name: oban_jobs; Type: TABLE DATA; Schema: public; Owner: forrozin
--



--
-- Data for Name: oban_peers; Type: TABLE DATA; Schema: public; Owner: forrozin
--

INSERT INTO public.oban_peers (name, node, started_at, expires_at) VALUES ('Oban', 'Lucass-MacBook-Pro', '2026-04-14 11:53:42.218391', '2026-04-14 11:54:12.218391');


--
-- Data for Name: schema_migrations; Type: TABLE DATA; Schema: public; Owner: forrozin
--

INSERT INTO public.schema_migrations (version, inserted_at) VALUES (20260324180314, '2026-03-26 14:04:42');
INSERT INTO public.schema_migrations (version, inserted_at) VALUES (20260324180353, '2026-03-26 14:04:42');
INSERT INTO public.schema_migrations (version, inserted_at) VALUES (20260324180354, '2026-03-26 14:04:42');
INSERT INTO public.schema_migrations (version, inserted_at) VALUES (20260324180356, '2026-03-26 14:04:42');
INSERT INTO public.schema_migrations (version, inserted_at) VALUES (20260324180357, '2026-03-26 14:04:42');
INSERT INTO public.schema_migrations (version, inserted_at) VALUES (20260324180358, '2026-03-26 14:04:42');
INSERT INTO public.schema_migrations (version, inserted_at) VALUES (20260324221455, '2026-03-26 14:04:42');
INSERT INTO public.schema_migrations (version, inserted_at) VALUES (20260325000001, '2026-03-26 14:04:42');
INSERT INTO public.schema_migrations (version, inserted_at) VALUES (20260325000002, '2026-03-26 14:04:42');
INSERT INTO public.schema_migrations (version, inserted_at) VALUES (20260411182623, '2026-04-11 18:26:50');
INSERT INTO public.schema_migrations (version, inserted_at) VALUES (20260413131023, '2026-04-13 13:14:18');
INSERT INTO public.schema_migrations (version, inserted_at) VALUES (20260413131608, '2026-04-13 13:18:05');
INSERT INTO public.schema_migrations (version, inserted_at) VALUES (20260413220000, '2026-04-14 11:48:08');


--
-- Data for Name: usuarios; Type: TABLE DATA; Schema: public; Owner: forrozin
--

INSERT INTO public.usuarios (id, username, password_hash, role, inserted_at, updated_at, email, confirmation_token, confirmed_at) VALUES ('01e9013f-4bfb-489c-aea3-57f74daf2cf9', 'tata', '$argon2id$v=19$m=65536,t=3,p=4$NiA7DD37llNx/q09t/h9eg$gnC74e1GAEgSnKzdniMSFOgq0EX1k/AQ2EWretMpQ3E', 'admin', '2026-03-26 14:04:44', '2026-03-26 14:04:44', 'tata@forrozin.com.br', NULL, '2026-03-26 14:04:44');
INSERT INTO public.usuarios (id, username, password_hash, role, inserted_at, updated_at, email, confirmation_token, confirmed_at) VALUES ('d93cc82f-92a2-4d25-b94b-7741c43025e9', 'aaa', '$argon2id$v=19$m=65536,t=3,p=4$ysDvifK5Ip6+XQqx9WcN2Q$iaaEIlI/iVNJfrKavfVMFCYE6ivMEIpaaJhGEna+O8o', 'user', '2026-03-26 18:07:01', '2026-03-26 18:08:53', 'sallaumen+1@gmail.com', NULL, '2026-03-26 18:08:53');


--
-- Name: oban_jobs_id_seq; Type: SEQUENCE SET; Schema: public; Owner: forrozin
--

SELECT pg_catalog.setval('public.oban_jobs_id_seq', 15, true);


--
-- PostgreSQL database dump complete
--

